7.598600333351399750e+05,3.300220090309589286e+05,-9.321694579992615036e+04,-1.838189659918679681e+05,-1.386583799059205223e+06,-4.821253257180151559e+04,-4.842929206337043070e+03,-1.793725527148375404e+05,-3.803570541619019878e+03,-7.423739529807490180e+04,-6.151128766463019565e+04,-4.884043742876894248e+04,-3.904760885969601804e+04,-3.143562510318018030e+04,-2.530649452170237782e+04,-1.930704623223225644e+04,-1.531649156433520147e+04,-1.027578151274005540e+04,-9.183158370948883658e+02,-2.002723320813888131e+04,1.562427464689516455e+03,2.069900984833635157e+05,2.644477593027846888e+05,2.471664784498722292e+05,2.141535606229279074e+05,1.831615081906007254e+05,1.562521029955505510e+05,1.251923084699664032e+05,1.062002857549038745e+05,7.964459973226481816e+04,1.986825999098357715e+04,-7.440861884647564750e+01,-5.286045099494462193e+03,-1.001466404439837424e+04,-1.529940761981595460e+04,-2.145614361483778339e+04,-2.921363891264201084e+04,-3.946016475079848169e+04,-5.414082870389529126e+04,-7.970774037809118454e+04,-1.622961816943699378e+05,-2.174163169250472038e+03,-4.425259969173112768e+04,-5.282714933246064174e+04,-6.495062902109394781e+04,-7.652935636524968140e+04,-9.024521619151551567e+04,-1.054581408321454219e+05,-1.236800415810069535e+05,-1.468878936535716930e+05,-1.906613974857212743e+05
3.300220090309587540e+05,4.877689956215852872e+05,-1.295071052474071766e+05,-2.821958601581429830e+05,-9.259432465765809175e+05,-3.981380104255781771e+04,-4.746721832893410465e+03,-1.086195666539648955e+05,-1.252367382371175609e+03,-9.538881334115688514e+04,-4.306312413979120902e+04,-3.277430405914915173e+04,-2.203429199231541133e+04,-1.626241502111604859e+04,-1.170502918152681195e+04,-7.969900711548380968e+03,-5.345280963872192842e+03,-2.523997376213818370e+03,-6.765925141131597798e+01,-1.595764280829092968e+04,1.350303541163159480e+03,2.492009661871030403e+04,1.168863652787055471e+05,1.397021268435667153e+05,1.049349091619501851e+05,8.716885369768239616e+04,6.837312185104671516e+04,5.025506128818322759e+04,3.740592505481721309e+04,2.107071120168013294e+04,1.367119301016547070e+03,-3.396605976656966845e+02,-4.587859155547595947e+03,-8.738169400875975043e+03,-1.307710654272749343e+04,-1.789923393656004919e+04,-2.361993500264859540e+04,-3.070457487099420905e+04,-4.015162475624086073e+04,-5.527286774242595129e+04,-9.590626331429943093e+04,2.158770725840324758e+03,-3.744899666986276134e+04,-3.331137888252569246e+04,-4.253390884092491615e+04,-4.729748628332883527e+04,-5.398843731854033831e+04,-6.034178804692970880e+04,-6.799149652012625302e+04,-7.624483749296332826e+04,-7.612932815508639032e+04
-9.321694579992619401e+04,-1.295071052474071330e+05,3.567366320450154308e+04,8.172031875486849458e+04,2.611878969450651784e+05,1.134945354736634908e+04,1.352842880907151766e+03,3.009173756002012669e+04,3.192166743889641793e+02,2.915930874073657469e+04,1.205761922070561559e+04,9.154275633153503804e+03,5.977338430303502719e+03,4.361344064323899147e+03,3.088753439477181928e+03,2.075055325684441868e+03,1.371006550385866603e+03,6.345586553362957147e+02,1.635018722196881313e+01,4.432342740608371969e+03,-3.767898321957305825e+02,-5.958310864758575917e+03,-3.135090780884029300e+04,-3.885764090892794775e+04,-2.812949698612694556e+04,-2.318686117653722613e+04,-1.788007125498777896e+04,-1.298863998072375944e+04,-9.540787020956679044e+03,-5.274278543009719215e+03,-3.267412565986368236e+02,9.852028754842535818e+01,1.375984663037729888e+03,2.607741241223074212e+03,3.874588975382274384e+03,5.264917493496971474e+03,6.894456047350351582e+03,8.885952962839699467e+03,1.150788384042749931e+04,1.563991059648599912e+04,2.649089159541042318e+04,-6.059918901769258355e+02,1.150236172702249860e+04,9.770585452546520173e+03,1.241985687819879786e+04,1.358362248926135544e+04,1.530814533797080912e+04,1.688486060553669085e+04,1.876689598403772470e+04,2.067421330547257821e+04,2.016656805858550433e+04
-1.838189659918679390e+05,-2.821958601581429830e+05,8.172031875486848003e+04,2.211869644720468204e+05,5.807927968075810932e+05,2.706890652890099955e+04,3.240519851100878441e+03,5.928869269326728681e+04,5.774663903840016701e+02,9.396209778809286945e+04,2.709466735489546409e+04,1.958862107722194560e+04,1.028151689978260401e+04,6.556790755527001238e+03,3.742107879157983007e+03,1.935938709247744328e+03,7.883104642371475848e+02,-7.903552179277200196e+01,-2.867932020881037403e+01,6.538247395160055021e+03,-6.927080037022911938e+02,2.208128556564755854e+03,-5.253832389776162745e+04,-8.076123246833967278e+04,-4.548919102811871562e+04,-3.482650646162248449e+04,-2.225393057958077043e+04,-1.342018049559298925e+04,-7.340407740016867137e+03,-1.570858237729879647e+03,6.475168437033920554e+02,2.580746539451818080e+02,4.012499225418327569e+03,7.523543629733032503e+03,1.090416796440690450e+04,1.441960118202260855e+04,1.830037976169108151e+04,2.270225604995788308e+04,2.804579991083998175e+04,3.555058832344398979e+04,5.115630103724473884e+04,-1.197589586661565590e+03,3.752401471502164350e+04,2.705714775627151903e+04,3.357113822485531273e+04,3.397783894709661399e+04,3.570052647072527179e+04,3.632218240060875542e+04,3.674052203255597851e+04,3.512899274577000324e+04,2.440293802291999600e+04
-1.386583799059204757e+06,-9.259432465765809175e+05,2.611878969450651493e+05,5.807927968075810932e+05,3.004737453188165091e+06,1.219215214200093178e+05,1.358693962523883602e+04,3.584703118316910695e+05,-2.023031037043842844e+03,2.736272235964553547e+05,1.352746836754058313e+05,1.035575348688498489e+05,7.342625405723143194e+04,5.612983503537373326e+04,4.288302545719671616e+04,3.148492104674993971e+04,2.355676313475379357e+04,1.446322254834778505e+04,6.049180213168320961e+02,9.784900836335308850e+04,-6.882288452044297628e+03,-3.562904602115336456e+05,-4.508895831219689571e+05,-4.597466872100797482e+05,-3.458954122295575798e+05,-2.826598584862998687e+05,-2.255293990043097292e+05,-1.700720975951118453e+05,-1.342953029593534011e+05,-9.015115672466209799e+04,-1.317829730874582310e+04,1.262562130121905739e+03,1.756427930477967311e+04,3.073793061780476637e+04,4.404129772525797307e+04,5.850856858952878247e+04,7.562210536240538931e+04,9.702065985003423702e+04,1.258074373373984417e+05,1.729952562011739064e+05,3.117906377279238077e+05,-1.498835144950764152e+04,1.090711819531448273e+05,9.657848870064658695e+04,1.224486723572436167e+05,1.378378172328954679e+05,1.596720398508513463e+05,1.818783787669754820e+05,2.098099863758471911e+05,2.425710064167915261e+05,2.918905933661155286e+05
-4.821253257180150104e+04,-3.981380104255781043e+04,1.134945354736634908e+04,2.706890652890099591e+04,1.219215214200093324e+05,8.046373191188599776e+03,1.039932992253406610e+03,1.486898977272821503e+04,-1.793985414457098386e+03,1.296096003079762158e+04,3.890329173077689120e+03,3.629466618591269707e+03,2.636098930169346204e+03,2.292039403150595717e+03,1.939816175860140675e+03,1.624043420854293572e+03,1.327721311077245673e+03,8.883979749186373738e+02,-4.132064253269761878e+01,1.657899403696728405e+04,-1.120219891750612533e+03,9.381427222095317120e+02,-7.990918598823582215e+02,-6.778375166971276485e+03,-3.536033777624584218e+03,-3.692782111865662046e+03,-3.087742784048736212e+03,-2.472719762388132494e+03,-2.167190230273124598e+03,-1.528721794908347647e+03,8.644925820268466623e+02,2.669775284423849939e+02,1.179906411486137131e+03,1.650871238797456499e+03,2.081790733683215421e+03,2.529475277270361858e+03,3.052481086740149749e+03,3.758118066018568243e+03,4.719190916363079850e+03,6.459959274469572847e+03,1.287932313471818634e+04,-5.635491161881085645e+03,-2.913378986935779267e+03,-4.804769403056810006e+03,-3.637702618900143989e+03,-3.034087391933993331e+03,-1.773460976566692580e+03,-3.571567553969812252e+02,1.766651888533314377e+03,4.765942725505619819e+03,1.128298879361051331e+04
-4.842929206337043070e+03,-4.746721832893411374e+03,1.352842880907151539e+03,3.240519851100878896e+03,1.358693962523883238e+04,1.039932992253406610e+03,1.454042388353974502e+02,1.683470035558935251e+03,-2.956484603357855576e+02,1.240691851619371846e+03,5.575658693196475042e+02,4.280079453508706138e+02,3.119159730136233293e+02,2.599380815485974381e+02,2.190264132348515034e+02,1.872675353283986226e+02,1.538932551068367900e+02,1.016396873711928066e+02,-1.821113449495521053e+01,2.428793407608453435e+03,-1.348942378869570007e+02,1.784647652685030152e+02,-7.346569160553204938e+02,-7.701879393139168997e+02,-3.183855805942145025e+02,-1.349449808622836144e+02,2.746951225812972552e+01,1.527528291185450087e+02,2.333916672295067656e+02,2.972905215489058719e+02,3.867656524893405390e+02,2.483156451509036700e+01,1.324827358327482614e+02,1.972935083189300087e+02,2.576320089617580038e+02,3.153270186319546724e+02,3.763431474590826156e+02,4.523577935937606753e+02,5.427270828457448033e+02,6.946928896529325357e+02,1.295096737362561953e+03,-4.490626436264413428e+02,-2.516876818733020968e+02,-4.519322527552690190e+02,-4.618083166601360290e+02,-4.841609818395524485e+02,-4.438284969812119130e+02,-3.848027731239303080e+02,-2.299153443118690348e+02,4.507258330471154295e+01,8.450333921036999527e+02
-1.793725527148375695e+05,-1.086195666539649537e+05,3.009173756002013397e+04,5.928869269326730137e+04,3.584703118316910113e+05,1.486898977272821503e+04,1.683470035558935933e+03,4.801978891211718292e+04,-1.068083236699210374e+02,1.690748610059641578e+04,1.512124754034134276e+04,1.272442681920875475e+04,1.049870656947557472e+04,8.708553316786073992e+03,7.231613264125651767e+03,5.689501060449982106e+03,4.563280707865592376e+03,3.041030570294855352e+03,1.466736788241943543e+02,1.357026283648690878e+04,-8.481598269411397268e+02,-2.201154056174556899e+04,-5.715471596561872138e+04,-5.842807695108681219e+04,-5.228824803714751033e+04,-4.563371271057684498e+04,-3.957072549759195681e+04,-3.182161416074214503e+04,-2.673624086323951633e+04,-1.936185285299805400e+04,-3.182486113504344303e+03,1.198930526411770359e+02,1.362601805047345351e+03,2.526225362957018660e+03,3.867195274294219871e+03,5.441982587853336554e+03,7.438343618884732678e+03,1.011795734182961678e+04,1.396343218147546759e+04,2.078086477248687515e+04,4.347209265175042674e+04,-1.576621345300807207e+03,6.487547308942826021e+03,9.083764550674804923e+03,1.215052118719447753e+04,1.524387332067560237e+04,1.904252730034349588e+04,2.336672852250020514e+04,2.894979498489275647e+04,3.654232639180467231e+04,5.082601731300530082e+04
-3.803570541619020332e+03,-1.252367382371173790e+03,3.192166743889643499e+02,5.774663903840023522e+02,-2.023031037043838751e+03,-1.793985414457097704e+03,-2.956484603357856713e+02,-1.068083236699210374e+02,1.279087361626160600e+03,-2.965758988147873083e+02,-1.279208064151105191e+02,-1.360750126610728046e+02,-1.045177291680099074e+02,-9.094364156278058431e+01,-5.992314700648058334e+01,-5.105787794375398647e+01,1.075270030507138408e+01,8.400688087875042243e+01,8.980708408796331810e+01,-8.989015919013694656e+03,5.764221176516236937e+02,-2.958115467024182180e+03,-4.570907385937381150e+03,-4.811537360239502959e+03,-4.932344252237263390e+03,-4.813412467513834599e+03,-4.720385138612766241e+03,-4.472488040556890155e+03,-4.377087950148557866e+03,-4.034111553355269734e+03,-1.920195303409579537e+03,-1.411209814469421246e+02,-3.705858388748244465e+02,-3.841940984232322194e+02,-3.770500439305838540e+02,-3.479590750531361891e+02,-2.951207382702106088e+02,-2.337407094034184638e+02,-9.691627364525646726e+01,1.773873227620281057e+02,1.298990700984189289e+03,3.230590601054977924e+03,4.633265580310988298e+03,4.756646684371835363e+03,4.747907066664039121e+03,4.650325956338719152e+03,4.450283071154784011e+03,4.269095658785419801e+03,3.977742362624386260e+03,3.687763613449630611e+03,3.727879034311247324e+03
-7.423739529807488725e+04,-9.538881334115687059e+04,2.915930874073657105e+04,9.396209778809289855e+04,2.736272235964552965e+05,1.296096003079762522e+04,1.240691851619371846e+03,1.690748610059642306e+04,-2.965758988147873652e+02,1.169201008660540683e+05,-2.790095604404673577e+04,5.771803985991278751e+03,-2.632423008429618221e+03,2.237905309526338726e+02,-3.081624118847304317e+02,-5.400107389208653785e+01,-4.235052839525324231e+01,-1.338060729839565788e+01,-1.222299498268791806e+00,3.404679665303865022e+03,-4.055603637403798984e+02,-7.222160434781460208e+04,1.577852653824529843e+05,-4.090459107104653231e+04,2.288292782997424365e+04,-1.860354719708128641e+03,3.303994509518995073e+03,6.378782709631826719e+02,4.818516818956455268e+02,1.478707629163493777e+02,2.015848394310394553e+01,2.650049925274007592e+02,3.164761048400855088e+03,7.096132345312754296e+03,9.044822615483204572e+03,1.045393356694881913e+04,1.159230100762382972e+04,1.256874291418004941e+04,1.346576074374209566e+04,1.446861506275631655e+04,1.604823009490943332e+04,-1.110820868787654035e+04,3.518633311054359365e+04,5.562191191943191370e+03,1.623526640742914969e+04,7.724523463964240364e+03,7.274270077506399502e+03,5.313559876977011299e+03,4.514242267196807006e+03,3.622276062076905873e+03,2.039513809943889555e+03
-6.151128766463015927e+04,-4.306312413979120174e+04,1.205761922070561559e+04,2.709466735489546409e+04,1.352746836754058604e+05,3.890329173077687756e+03,5.575658693196476179e+02,1.512124754034134457e+04,-1.279208064151106896e+02,-2.790095604404673577e+04,8.085856640618725214e+04,-2.672080403350152119e+04,7.436154678450830033e+03,-2.353904647491579453e+03,4.253463238764159087e+02,-1.593863016779875466e+02,-7.650112714269848624e+00,-1.055078727463193999e+01,-7.200076317354815458e-01,3.269053026115688681e+03,-3.895601429796752768e+02,-1.710354595566597709e+04,-2.934481552185245091e+05,1.755885426365259336e+05,-5.976784925603985175e+04,2.099855899817201134e+04,-4.185092497466417626e+03,1.693989451287000975e+03,8.413759668927066571e+01,1.152548938144649355e+02,1.243260905695510665e+01,8.373243812844285117e+01,2.015333105022629979e+03,2.717866921440704573e+02,1.840401756392243215e+03,3.044488969562034526e+03,4.231150808321513068e+03,5.331872227256462793e+03,6.460842135055011568e+03,7.746383270484504465e+03,9.900707117759784524e+03,6.453811014114883619e+03,-1.320895135662189568e+04,1.598230110456699731e+04,2.961081798590127619e+03,1.643590293590995498e+04,8.841556988114971318e+03,9.223341847208368563e+03,7.343422900987906360e+03,5.335233742081714809e+03,3.427161466392214606e+03
-4.884043742876894248e+04,-3.277430405914913717e+04,9.154275633153501985e+03,1.958862107722196015e+04,1.035575348688498634e+05,3.629466618591268343e+03,4.280079453508705001e+02,1.272442681920875839e+04,-1.360750126610726625e+02,5.771803985991278751e+03,-2.672080403350152483e+04,6.457392481952266826e+04,-2.357130072522460250e+04,6.509858992440221300e+03,-1.763798738020178462e+03,2.899391756076550450e+02,-8.165497096381967879e+01,-5.361961941577060742e+00,-9.487239377783657224e-01,3.441202584698418832e+03,-3.395587036829054455e+02,6.543392903327399836e+03,5.474358615440965514e+04,-2.934667547289826907e+05,1.725423564421742922e+05,-5.663718287199954648e+04,1.682145268376187232e+04,-2.963015246563968958e+03,8.717967624253283248e+02,5.806503143986380167e+01,1.650303818647494225e+01,7.638077192863463871e+00,-3.094407241919270746e+00,1.661379969756707396e+03,6.269322435920388159e+01,1.468810811012879412e+03,2.639599135982879488e+03,3.895450462891100869e+03,5.240237041425545613e+03,6.845363233291218421e+03,9.716144948915341956e+03,-2.650617512860029379e+01,1.425829063170635709e+04,-1.110789816446179611e+04,6.684054399898499469e+03,3.189839647697890541e+02,1.445138245081931018e+04,7.699319156160585408e+03,8.729162511135993554e+03,6.346533108918624748e+03,4.331027688826110534e+03
-3.904760885969600349e+04,-2.203429199231540042e+04,5.977338430303501809e+03,1.028151689978260220e+04,7.342625405723141739e+04,2.636098930169347113e+03,3.119159730136233293e+02,1.049870656947556927e+04,-1.045177291680101348e+02,-2.632423008429618221e+03,7.436154678450831852e+03,-2.357130072522460250e+04,4.897686457669696392e+04,-1.772578040777510614e+04,4.387680946566765670e+03,-9.947053177762780933e+02,1.227706424392569460e+02,-2.389991564653321987e+01,-5.427327707510616328e-01,3.117885455833146352e+03,-2.466777953129189029e+02,-2.874367155633987750e+03,-1.172274425766048262e+04,6.032749476059661538e+04,-2.466711837241257017e+05,1.412926075813615753e+05,-4.143114352328790119e+04,9.960494559582231886e+03,-1.282686330549293189e+03,2.580282821778211542e+02,9.607428211806702478e+00,-1.232310455766190138e+00,5.059094386011711464e+00,1.149816000432001175e+02,1.805075766268923644e+03,1.536083573073031339e+01,1.045343622243176242e+03,2.064818933795282646e+03,3.336403280490106681e+03,4.982390236946884215e+03,8.097748593418497876e+03,-3.284225954448130835e+01,-6.141981253270969319e+02,1.650933813870291851e+04,-7.431394722269418708e+03,3.016119433893950827e+03,-3.656151066187380252e+02,1.267552242008834219e+04,6.677247787846567007e+03,8.343749556682741968e+03,4.952851956511363824e+03
-3.143562510318018030e+04,-1.626241502111604132e+04,4.361344064323898237e+03,6.556790755526999419e+03,5.612983503537374781e+04,2.292039403150595263e+03,2.599380815485974949e+02,8.708553316786073992e+03,-9.094364156278084010e+01,2.237905309526338726e+02,-2.353904647491579908e+03,6.509858992440221300e+03,-1.772578040777510250e+04,3.441968334486922686e+04,-1.110118459281824653e+04,2.317225015555560731e+03,-4.056772224617425309e+02,2.298201644753373074e+01,-1.585665694753499722e+00,2.890362791984764954e+03,-1.746010170916086395e+02,2.846080976301195733e+02,3.064744369094441481e+03,-1.279686948749758631e+04,4.733961628561100952e+04,-1.863302735174734553e+05,9.667761088115091843e+04,-2.331944228751212358e+04,4.185270171643030153e+03,-2.489448004572719810e+02,2.871774073645599756e+01,1.127635490519735662e+00,7.074732947529749350e-01,-1.602391020175992775e+00,8.012169533442155966e+01,1.607066828895756544e+03,1.245148899281147337e+01,1.036919951817752690e+03,2.194617438667359238e+03,3.926043694668865101e+03,7.436418751181177868e+03,4.600672105912155807e+00,1.385666415590765723e+02,-9.539845922928884647e+02,1.555933952981814218e+04,-3.958325256619485117e+03,3.281073057875104041e+03,-2.025269746947706153e+02,1.104356514553676971e+04,6.606399526995025553e+03,5.777611346787069124e+03
-2.530649452170238874e+04,-1.170502918152680468e+04,3.088753439477183292e+03,3.742107879157978459e+03,4.288302545719668706e+04,1.939816175860141129e+03,2.190264132348515034e+02,7.231613264125641763e+03,-5.992314700648072545e+01,-3.081624118847305454e+02,4.253463238764158518e+02,-1.763798738020178462e+03,4.387680946566765670e+03,-1.110118459281825017e+04,2.230465127361218765e+04,-5.980982947063650499e+03,9.131272955322939424e+02,-9.985962336704960762e+01,6.201865135783112271e-01,2.528434859272459562e+03,-1.037158039240664777e+02,-4.556790382727229485e+02,-5.960053049816173143e+02,2.941720651838681988e+03,-8.760746946069390106e+03,2.865745687222501510e+04,-1.274480774417764478e+05,5.634284067168007459e+04,-9.628247061043668509e+03,1.073073516375158761e+03,-1.161131728120102125e+01,9.378612492843145521e-02,8.535899267264235313e-01,5.480655815893489269e+00,6.123271147000839854e+00,8.630187956025196172e+01,1.450675441864097593e+03,5.258814930621839068e+01,1.188499752758645627e+03,2.845994816414198795e+03,6.799341742180502479e+03,-4.513430674591231373e+00,-9.085000666965090232e+00,2.056465537675607038e+02,-8.134558077008148302e+02,1.217759810286850188e+04,-2.449965613859571931e+03,4.942766001568661522e+03,1.961812909242984915e+03,9.571125380555884476e+03,6.701260883411066970e+03
-1.930704623223227100e+04,-7.969900711548378240e+03,2.075055325684441868e+03,1.935938709247744555e+03,3.148492104674994334e+04,1.624043420854294482e+03,1.872675353283985089e+02,5.689501060449983925e+03,-5.105787794375434885e+01,-5.400107389208653785e+01,-1.593863016779875466e+02,2.899391756076549882e+02,-9.947053177762779796e+02,2.317225015555560276e+03,-5.980982947063650499e+03,1.328847920696884830e+04,-2.599230992763845279e+03,2.141902482632254419e+02,-5.328459693660851926e+00,2.214517790748850985e+03,-4.510670647742671235e+01,-1.138160707632933679e+02,6.922790255968855888e+01,-5.056160417639604248e+02,1.698957717465017822e+03,-4.369725271896742015e+03,1.383641205332690151e+04,-8.036789167658609222e+04,2.652194952902250225e+04,-2.377314445361984326e+03,1.014743730689953338e+02,1.605118355466262359e-01,3.185060585623433749e-01,1.439372876822342162e+00,5.287871976003390984e+00,5.391490308529537145e+00,6.184402397867154377e+01,1.264303752531270675e+03,1.681691168883903913e+02,1.769134120481854779e+03,5.931002954781381959e+03,-2.474555314105457704e-01,1.123550331685605030e+01,-1.470889593619233082e+01,1.631824614258569284e+02,-5.436921774741563240e+02,8.575404608033772092e+03,-1.302019421607333015e+03,7.817546896230950551e+03,4.722648439646180123e+03,7.901716937388836413e+03
-1.531649156433519602e+04,-5.345280963872191933e+03,1.371006550385866149e+03,7.883104642371478121e+02,2.355676313475376446e+04,1.327721311077245218e+03,1.538932551068368184e+02,4.563280707865595105e+03,1.075270030507118335e+01,-4.235052839525323520e+01,-7.650112714269849512e+00,-8.165497096381973563e+01,1.227706424392569176e+02,-4.056772224617424172e+02,9.131272955322936014e+02,-2.599230992763844370e+03,7.489201291264055726e+03,-7.816299842073406126e+02,1.147499780745342157e+01,1.671028409161262289e+03,6.739096068469833334e+00,-8.770491070899555552e+01,-2.825369490000966266e+01,4.354979105628269309e+01,-2.411545460003538608e+02,6.576938284438207347e+02,-1.705969044232065926e+03,5.869720716892830751e+03,-4.845626251751679229e+04,8.709564881176658673e+03,-2.298769257758085587e+02,5.356584397686336291e-02,1.742438034750444786e-01,9.011047362907111946e-01,2.149238433574951923e+00,5.217727774704258081e+00,6.839321964741332138e+00,4.146441347204856953e+01,9.433421983204152639e+02,5.881476547425447734e+02,5.380592863581242455e+03,-5.144765864990218374e-01,2.755200692123911388e+00,1.327414453619610946e+01,-2.750828508398577288e+00,1.022775802264036145e+02,-2.752384946369147656e+02,4.871064286642239495e+03,-1.700072599563935228e+03,1.082890066153515181e+04,8.693391580193398113e+03
-1.027578151274005722e+04,-2.523997376213818370e+03,6.345586553362959421e+02,-7.903552179277191669e+01,1.446322254834778323e+04,8.883979749186376011e+02,1.016396873711928350e+02,3.041030570294856716e+03,8.400688087875049348e+01,-1.338060729839565255e+01,-1.055078727463194710e+01,-5.361961941577057189e+00,-2.389991564653321277e+01,2.298201644753373074e+01,-9.985962336704962183e+01,2.141902482632255271e+02,-7.816299842073404989e+02,3.553253577776386464e+03,-6.001464404961920707e+01,9.100075783787774526e+02,3.670422013966653907e+01,-3.056286353613008089e+01,-8.084911970684434124e+00,-1.307613524994967769e+01,3.871703220027047365e+00,-6.404147644613081525e+01,1.459226309197144644e+02,-4.716688280831464226e+02,2.038329363536361598e+03,-2.498435053697767580e+04,1.332948704122408799e+03,2.288590242323869720e-02,6.551138038518067308e-02,3.172091986641827899e-01,8.451238368773207332e-01,1.683954741709402070e+00,3.499235843163139403e+00,5.519188758708200915e+00,2.336586233647692978e+01,4.937864362764538555e+02,3.894234508283961077e+03,-1.359648385055739761e-01,1.317294959690914480e+00,2.702337550942887745e+00,7.987531862751205303e+00,3.631538881068943070e+00,4.400475378494358836e+01,-8.915206578808361826e+01,1.789510102934140832e+03,-2.138540948624578050e+03,1.476097787957173205e+04
-9.183158370948883658e+02,-6.765925141131600640e+01,1.635018722196881313e+01,-2.867932020881039179e+01,6.049180213168322098e+02,-4.132064253269761167e+01,-1.821113449495521763e+01,1.466736788241943259e+02,8.980708408796330389e+01,-1.222299498268791584e+00,-7.200076317354815458e-01,-9.487239377783658334e-01,-5.427327707510625210e-01,-1.585665694753499055e+00,6.201865135783107830e-01,-5.328459693660851038e+00,1.147499780745341980e+01,-6.001464404961922838e+01,1.623795782546669386e+02,-3.676291399420821335e+02,-3.663583776715537965e+01,-1.943731693458385923e+00,-3.927828297415356662e-01,-3.044133773489391404e-01,-8.447829212296584789e-01,6.492143659234931308e-01,-3.726244604888939271e+00,1.192941081289890981e+01,-4.079820093015741378e+01,4.167348547446440534e+02,-3.553138999492271978e+03,1.987119029515129788e-03,5.619374333239302369e-03,2.990192344903845958e-02,8.020943662289499454e-02,1.723758671979583046e-01,3.323666907595938524e-01,6.581008952488283104e-01,1.178047469097968314e+00,5.661813333220231392e+00,1.850895887968930538e+02,-1.562996853810869058e-02,1.156320695222650130e-01,3.188077326537621659e-01,5.742022930867356489e-01,1.271570629409628062e+00,1.154370149094284148e+00,6.166179511261550950e+00,-9.497858757534615393e+00,2.539376913117640697e+02,2.403783353930740759e+03
-2.002723320813887040e+04,-1.595764280829093696e+04,4.432342740608373788e+03,6.538247395160053202e+03,9.784900836335308850e+04,1.657899403696727677e+04,2.428793407608453890e+03,1.357026283648690878e+04,-8.989015919013696475e+03,3.404679665303864113e+03,3.269053026115690045e+03,3.441202584698421560e+03,3.117885455833146807e+03,2.890362791984764044e+03,2.528434859272459107e+03,2.214517790748852804e+03,1.671028409161262061e+03,9.100075783787777937e+02,-3.676291399420823041e+02,7.111362236961288727e+04,-5.470872163013138561e+03,3.833011582805217040e+04,3.882216343037570186e+04,3.120720514128290961e+04,2.661677579432884522e+04,2.223963396671185546e+04,1.920427664803218795e+04,1.665246275922733548e+04,1.488383300429791962e+04,1.300020690395453494e+04,7.842406167448132692e+03,1.821526397823934531e+03,3.524652251607244580e+03,3.418012956776618466e+03,3.260071563092168617e+03,3.110660759159645295e+03,2.952197199370486487e+03,2.961551716389652938e+03,2.853647881777563271e+03,2.829288493727977766e+03,3.436543487843913681e+03,-4.704649497087895725e+04,-4.879993437297491619e+04,-4.188777738719550689e+04,-3.638392071118911554e+04,-3.153939277822884469e+04,-2.661257612951772171e+04,-2.220300930059377788e+04,-1.705152657532645389e+04,-1.122081070660898513e+04,-2.629519473538135117e+03
1.562427464689516455e+03,1.350303541163159935e+03,-3.767898321957304120e+02,-6.927080037022909664e+02,-6.882288452044296719e+03,-1.120219891750612533e+03,-1.348942378869569723e+02,-8.481598269411396132e+02,5.764221176516236937e+02,-4.055603637403797279e+02,-3.895601429796753905e+02,-3.395587036829056728e+02,-2.466777953129189882e+02,-1.746010170916086111e+02,-1.037158039240665204e+02,-4.510670647742671946e+01,6.739096068469835998e+00,3.670422013966653907e+01,-3.663583776715537965e+01,-5.470872163013140380e+03,6.574848221685788303e+02,-6.471057203518538699e+03,-5.692741206136446635e+03,-3.965481022940303319e+03,-2.904637324623047789e+03,-1.999091696497302792e+03,-1.318837190757804137e+03,-7.441601553061301502e+02,-2.043915875647946052e+02,3.259069689814280650e+02,7.806312252800321403e+02,-2.951901606953513806e+02,-4.307150732079325621e+02,-3.513778930603024264e+02,-2.698522126333911615e+02,-2.058328641448694327e+02,-1.495574836313626292e+02,-1.099360450545415233e+02,-7.722190150152961508e+01,-7.029612889724201352e+01,-1.627044214163988158e+02,8.147137470965993089e+03,7.013871342554533840e+03,5.120489016301436095e+03,3.699408961062228173e+03,2.569613577228314625e+03,1.590415281621798385e+03,7.694961249717396186e+02,5.386597008391487407e+01,-4.968437539659262256e+02,-5.972130556124050145e+02
2.069900984833634575e+05,2.492009661871030403e+04,-5.958310864758583193e+03,2.208128556564755854e+03,-3.562904602115337038e+05,9.381427222095317120e+02,1.784647652685034700e+02,-2.201154056174556899e+04,-2.958115467024183545e+03,-7.222160434781455842e+04,-1.710354595566596981e+04,6.543392903327399836e+03,-2.874367155633988659e+03,2.846080976301194596e+02,-4.556790382727229485e+02,-1.138160707632933679e+02,-8.770491070899552710e+01,-3.056286353613008444e+01,-1.943731693458385479e+00,3.833011582805215585e+04,-6.471057203518538699e+03,2.123424108767100144e+06,-3.335080129932540003e+05,-4.626726998357870798e+03,1.374669478630549565e+04,1.756175007029236212e+03,4.788239475539074192e+03,1.858167213317008191e+03,1.259543475838285303e+03,5.347388303844554684e+02,1.508851281562568545e+02,6.112430619392154767e+03,-7.568037958739350142e+04,-4.151420888041386934e+04,-2.777078026105892786e+04,-1.743929053170484985e+04,-7.327620099319538895e+03,1.094289148538284280e+03,9.640545179823740909e+03,1.960148657522687427e+04,3.689003673195526790e+04,-2.612980010440006736e+05,-9.085735629680322018e+05,-6.679667135451812646e+04,-6.419058107902434858e+04,-2.198983627966186759e+04,-1.013834633335987382e+04,-1.993849614248900934e+03,2.317605656955529867e+03,5.392735047531432429e+03,5.809910340015370821e+03
2.644477593027845724e+05,1.168863652787055908e+05,-3.135090780884030391e+04,-5.253832389776162745e+04,-4.508895831219690153e+05,-7.990918598823645880e+02,-7.346569160553201527e+02,-5.715471596561871411e+04,-4.570907385937383879e+03,1.577852653824530425e+05,-2.934481552185245091e+05,5.474358615440966969e+04,-1.172274425766048444e+04,3.064744369094441936e+03,-5.960053049816172006e+02,6.922790255968844519e+01,-2.825369490000966977e+01,-8.084911970684430571e+00,-3.927828297415346670e-01,3.882216343037570186e+04,-5.692741206136443907e+03,-3.332502139151213923e+05,3.848162373738391325e+06,-1.003059894660480437e+06,1.382808196061316121e+05,-3.933755150141377817e+04,1.049472982627977581e+04,-1.011321042680655523e+03,6.463859021358136943e+02,2.774005391417946385e+02,1.242912143953536059e+02,-4.060337158778151206e+03,1.651112891623176256e+04,-2.230617331279233258e+04,-2.392177679829995395e+04,-2.256948283370649369e+04,-2.164218149593580529e+04,-1.909860344393009655e+04,-1.631561223234471254e+04,-1.128851501531753274e+04,-2.298997549175027871e+03,-2.672906193276704871e+05,-2.186956852866290137e+05,-1.218672295818598941e+06,-5.184152126166426024e+04,-1.291671563129638962e+05,-5.159221686374078126e+04,-3.871085823977996188e+04,-2.248261612207182407e+04,-1.021810251012592926e+04,-1.718219615481656092e+03
2.471664784498722875e+05,1.397021268435667444e+05,-3.885764090892792592e+04,-8.076123246833971643e+04,-4.597466872100798646e+05,-6.778375166971270119e+03,-7.701879393139173544e+02,-5.842807695108680491e+04,-4.811537360239505688e+03,-4.090459107104652503e+04,1.755885426365259627e+05,-2.934667547289825743e+05,6.032749476059660083e+04,-1.279686948749758812e+04,2.941720651838681533e+03,-5.056160417639602542e+02,4.354979105628262914e+01,-1.307613524994966703e+01,-3.044133773489398065e-01,3.120720514128291688e+04,-3.965481022940306048e+03,-4.291827158987648545e+03,-1.002982793899242766e+06,4.544790113208912313e+06,-1.205196354304740205e+06,1.400026535661155358e+05,-3.598872405622387305e+04,8.153407980084979499e+03,-4.214178651563983067e+02,3.377283050237439284e+02,1.228820793632338138e+02,4.513103069261830314e+01,7.426416358218557434e+01,9.661704465346436336e+03,-2.612213576026981536e+04,-2.536018162104163275e+04,-2.338314675017494301e+04,-2.325068754070735304e+04,-2.141285316262344713e+04,-1.829473684894866528e+04,-1.063741307494978173e+04,7.431283896457112860e+03,-5.243490994865648681e+05,-1.482047538906357076e+05,-1.237420791046135826e+06,-2.107508118326396288e+04,-1.327295602174842206e+05,-5.175502109511628805e+04,-4.061140092157766048e+04,-2.040044891984487549e+04,-6.285585105862881392e+03
2.141535606229277037e+05,1.049349091619502433e+05,-2.812949698612695647e+04,-4.548919102811873745e+04,-3.458954122295576381e+05,-3.536033777624568756e+03,-3.183855805942145025e+02,-5.228824803714753943e+04,-4.932344252237266119e+03,2.288292782997424729e+04,-5.976784925603987358e+04,1.725423564421743213e+05,-2.466711837241257017e+05,4.733961628561101679e+04,-8.760746946069388287e+03,1.698957717465018277e+03,-2.411545460003538892e+02,3.871703220027090442e+00,-8.447829212296593671e-01,2.661677579432887069e+04,-2.904637324623044606e+03,1.413585950831478658e+04,1.384121852500083041e+05,-1.205142089422101155e+06,4.387639140520503744e+06,-1.079875731222009053e+06,9.137725288959321915e+04,-2.006219093390989292e+04,3.568644978561442258e+03,1.152016509624744032e+02,1.300069094995844239e+02,5.767768214725945697e+00,-7.650769704221193024e+01,-3.464158815704855442e+03,8.224732065860522198e+03,-1.607742237098760052e+04,-1.872872728251447188e+04,-1.824214945429712316e+04,-1.882574789073246211e+04,-1.850168133636986749e+04,-1.326287426934204632e+04,1.954531322004451681e+02,2.640673521679971600e+04,-5.721539686053422047e+05,-1.055659936281371483e+05,-1.177725285654537147e+06,-2.198201940951612869e+03,-1.150313875070262002e+05,-4.214276328440447105e+04,-3.517817051969882596e+04,-1.024605454281298444e+04
1.831615081906007836e+05,8.716885369768238161e+04,-2.318686117653722977e+04,-3.482650646162248449e+04,-2.826598584862997523e+05,-3.692782111865660227e+03,-1.349449808622839555e+02,-4.563371271057680133e+04,-4.813412467513837328e+03,-1.860354719708129323e+03,2.099855899817201498e+04,-5.663718287199954648e+04,1.412926075813615753e+05,-1.863302735174734553e+05,2.865745687222501147e+04,-4.369725271896742925e+03,6.576938284438210758e+02,-6.404147644613080104e+01,6.492143659234939079e-01,2.223963396671186274e+04,-1.999091696497303474e+03,2.188041068978955536e+03,-3.916348451759661839e+04,1.400996197886950395e+05,-1.079833029882068746e+06,3.649459031257968862e+06,-7.531621822534584207e+05,3.790249321294233960e+04,-7.180434272697645611e+03,9.382164737209634495e+02,1.100542145839582702e+02,-1.274099345294577823e+01,-1.114424707158983807e+01,1.629035095234536641e+02,-2.313750756130363243e+03,6.374978454461335787e+03,-1.621449030337386830e+04,-1.697762437153796054e+04,-1.759840705079166582e+04,-1.836811774528257956e+04,-1.583296179544553524e+04,-2.636284514039494820e+00,-1.839856456840266901e+03,3.509005233414248505e+04,-5.384631413982290542e+05,-6.779609291682325420e+04,-1.025166933049323037e+06,-3.211324303807123215e+03,-9.202962857011404412e+04,-3.494165879264751857e+04,-1.493834382823939268e+04
1.562521029955506674e+05,6.837312185104670061e+04,-1.788007125498778623e+04,-2.225393057958079226e+04,-2.255293990043097001e+05,-3.087742784048748035e+03,2.746951225813103292e+01,-3.957072549759196409e+04,-4.720385138612772607e+03,3.303994509518995073e+03,-4.185092497466418536e+03,1.682145268376187232e+04,-4.143114352328790119e+04,9.667761088115091843e+04,-1.274480774417764478e+05,1.383641205332689970e+04,-1.705969044232064562e+03,1.459226309197145497e+02,-3.726244604888939715e+00,1.920427664803213702e+04,-1.318837190757807548e+03,5.257285171326031559e+03,1.070597644393416704e+04,-3.585457819980715431e+04,9.145713386337096745e+04,-7.531250026196211111e+05,2.692845168819134124e+06,-4.196086097457317519e+05,9.306146618225260681e+03,-1.380037042862632916e+03,1.704056368381998254e+02,-1.978774308976865459e+00,-1.216584460597687922e+01,-7.166261705763291445e+01,-1.295024933361729413e+00,-2.485544938036691747e+03,5.380324091614743338e+03,-1.558403373477360765e+04,-1.591276061858485991e+04,-1.764584035303854034e+04,-1.775982531628808647e+04,4.598084454725266568e+01,1.301574570867879288e+02,-2.633830920272197091e+03,2.887554117271679206e+04,-4.349438966922690743e+05,-4.978949023186100385e+04,-8.589349447279041633e+05,-2.993342778918970725e+04,-6.359552592330105836e+04,-2.068395667001033871e+04
1.251923084699663596e+05,5.025506128818319121e+04,-1.298863998072375762e+04,-1.342018049559299288e+04,-1.700720975951119326e+05,-2.472719762388130221e+03,1.527528291185450087e+02,-3.182161416074214503e+04,-4.472488040556889246e+03,6.378782709631827856e+02,1.693989451287001430e+03,-2.963015246563969413e+03,9.960494559582231886e+03,-2.331944228751212722e+04,5.634284067168006732e+04,-8.036789167658609222e+04,5.869720716892834389e+03,-4.716688280831466500e+02,1.192941081289891336e+01,1.665246275922731729e+04,-7.441601553061304912e+02,2.360853356901749976e+03,-7.664339772284852188e+02,8.321194284299503124e+03,-1.994866951233443615e+04,3.797331329457733955e+04,-4.195749692979338579e+05,1.681754344312334433e+06,-1.754747423715108307e+05,2.348195566475178111e+03,-5.885075121114370233e+01,-2.148978866196933346e+00,-4.446512069998346917e+00,-1.989353853451818210e+01,-6.891462604385904456e+01,-1.327660612994577605e+01,-1.792882755684765243e+03,4.908061125448559324e+03,-1.589686718510450373e+04,-1.630457613763295558e+04,-1.947161432467813574e+04,6.268498467567881427e+00,-1.550152135873669863e+02,1.807159422010722096e+02,-2.046803932369552967e+03,1.704225224018923473e+04,-3.212863666770168929e+05,-3.391863152058306878e+04,-5.779996920869456371e+05,-4.657375314732291008e+04,-2.935433990909448039e+04
1.062002857549038890e+05,3.740592505481722037e+04,-9.540787020956673587e+03,-7.340407740016868047e+03,-1.342953029593533429e+05,-2.167190230273127327e+03,2.333916672295057708e+02,-2.673624086323949450e+04,-4.377087950148562413e+03,4.818516818956455268e+02,8.413759668927058044e+01,8.717967624253284384e+02,-1.282686330549293189e+03,4.185270171643029244e+03,-9.628247061043670328e+03,2.652194952902250589e+04,-4.845626251751678501e+04,2.038329363536360688e+03,-4.079820093015742088e+01,1.488383300429792689e+04,-2.043915875647943778e+02,1.795385863108860121e+03,9.244292112738182823e+02,-2.204753172560435246e+02,3.715322643822725695e+03,-7.076457947376788979e+03,9.372943309708860397e+03,-1.754415861278249940e+05,8.784260742537559709e+05,-4.861833865867285203e+04,5.619384209904602585e+02,-7.075038002863348607e-01,-2.244489661145709025e+00,-1.124654919039036827e+01,-2.664017433232520915e+01,-6.288847487389006119e+01,-6.057834877100205517e+01,-1.122473812496512210e+03,4.513823253688890873e+03,-1.869876427961724767e+04,-2.329592687957747330e+04,6.156543311845054767e+00,-3.368951682456342667e+01,-1.611026854754143471e+02,2.720830648438895949e+01,-1.185443205090546144e+03,7.071164019892235046e+03,-1.893513563563869102e+05,-3.181492367364272650e+04,-3.145020800251263427e+05,-4.096098161844432616e+04
7.964459973226480361e+04,2.107071120168011475e+04,-5.274278543009721943e+03,-1.570858237729881012e+03,-9.015115672466212709e+04,-1.528721794908343327e+03,2.972905215489058151e+02,-1.936185285299804309e+04,-4.034111553355269280e+03,1.478707629163494914e+02,1.152548938144649497e+02,5.806503143986374482e+01,2.580282821778210973e+02,-2.489448004572721231e+02,1.073073516375158988e+03,-2.377314445361983417e+03,8.709564881176660492e+03,-2.498435053697767216e+04,4.167348547446439966e+02,1.300020690395453676e+04,3.259069689814276671e+02,1.107907808137259735e+03,5.927704387620293573e+02,5.759974434063276476e+02,2.992059067059896051e+02,1.079519389524045664e+03,-1.275913760896785561e+03,2.418678400643246732e+03,-4.858101206819060462e+04,3.341180338965030969e+05,-7.960460453982565923e+03,-2.647004055790014854e-01,-7.618550574566430589e-01,-3.600509143346815932e+00,-9.491480806798755054e+00,-1.879556617478246849e+01,-3.876025803721638141e+01,-5.784111446297337267e+01,-5.305426081616496958e+02,3.637118838861187669e+03,-2.988784119577742240e+04,1.496113158129406040e+00,-1.484323566537153738e+01,-3.027357508293579613e+01,-8.804095143166613013e+01,-4.096800393454908829e+01,-4.788802211310774624e+02,1.377634205831380086e+03,-6.821974678689702705e+04,-3.883278616479884658e+04,-1.160724929262345540e+05
1.986825999098357715e+04,1.367119301016546842e+03,-3.267412565986372215e+02,6.475168437033927376e+02,-1.317829730874582310e+04,8.644925820268471170e+02,3.867656524893406527e+02,-3.182486113504345212e+03,-1.920195303409579310e+03,2.015848394310394553e+01,1.243260905695509955e+01,1.650303818647493515e+01,9.607428211806714913e+00,2.871774073645599046e+01,-1.161131728120101769e+01,1.014743730689952912e+02,-2.298769257758085303e+02,1.332948704122409026e+03,-3.553138999492272433e+03,7.842406167448130873e+03,7.806312252800319129e+02,7.889328614137507429e+02,5.045398695202777617e+02,4.260299732505067709e+02,3.788899207477888922e+02,3.162358858917301632e+02,3.394076743087367163e+02,7.651083846160813096e+01,6.641437669773800963e+02,-7.895581698477874852e+03,7.993134387596746092e+04,-2.881361115223957103e-02,-8.248674681042236778e-02,-4.408397415536685626e-01,-1.194040117910355248e+00,-2.604289660705279896e+00,-5.105625461829767175e+00,-1.037862318960245744e+01,-1.888316330687931810e+01,-1.428785865591549111e+02,-4.030491872934374442e+03,2.258170629690995912e-01,-1.720546614528839724e+00,-4.769316002552840494e+00,-8.724608332719181902e+00,-1.979640592750280348e+01,-1.816990350471290938e+01,-1.017857148188579828e+02,1.677081649607990812e+02,-9.396359452545264503e+03,-5.159570537860634795e+04
-7.440861884647566171e+01,-3.396605976656962866e+02,9.852028754842541503e+01,2.580746539451816375e+02,1.262562130121907103e+03,2.669775284423848802e+02,2.483156451509036700e+01,1.198930526411768511e+02,-1.411209814469422383e+02,2.650049925274004181e+02,8.373243812844299327e+01,7.638077192863458542e+00,-1.232310455766189694e+00,1.127635490519734995e+00,9.378612492843144133e-02,1.605118355466261526e-01,5.356584397686335597e-02,2.288590242323863128e-02,1.987119029515131523e-03,1.821526397823937032e+03,-2.951901606953514374e+02,6.112430619392155677e+03,-4.060337158778150751e+03,4.513103069261831735e+01,5.767768214725940368e+00,-1.274099345294576580e+01,-1.978774308976866791e+00,-2.148978866196932458e+00,-7.075038002863349718e-01,-2.647004055790009303e-01,-2.881361115223955716e-02,6.375248108644394961e+03,5.920564721257252131e+03,5.917374436893537677e+03,5.914669503093165986e+03,5.912661810499618696e+03,5.910895384860227750e+03,5.909223856325738780e+03,5.907515452378468581e+03,5.905468473791619544e+03,5.901862674251387944e+03,-4.915213599275160050e+03,1.096998906824587579e+02,1.067547608615226551e+01,7.146871797837181184e+00,-4.647409205290171652e-01,6.854961890254029910e-03,-1.913102002005882873e+00,-2.613885036267573625e+00,-2.964296663371985829e+00,-2.788061038704972017e+00
-5.286045099494461283e+03,-4.587859155547596856e+03,1.375984663037728524e+03,4.012499225418329388e+03,1.756427930477966947e+04,1.179906411486137358e+03,1.324827358327483182e+02,1.362601805047345806e+03,-3.705858388748242191e+02,3.164761048400854634e+03,2.015333105022630434e+03,-3.094407241919346241e+00,5.059094386011693700e+00,7.074732947529769334e-01,8.535899267264255297e-01,3.185060585623438190e-01,1.742438034750440901e-01,6.551138038518067308e-02,5.619374333239291093e-03,3.524652251607245489e+03,-4.307150732079325053e+02,-7.568037958739355963e+04,1.651112891623175892e+04,7.426416358218207847e+01,-7.650769704221195866e+01,-1.114424707158984695e+01,-1.216584460597689699e+01,-4.446512069998350469e+00,-2.244489661145705028e+00,-7.618550574566446132e-01,-8.248674681042206247e-02,5.920564721257252131e+03,1.233986322759636096e+04,5.782573646676471071e+03,5.838842552979138418e+03,5.854653026780102664e+03,5.864310199650260074e+03,5.871590060870117668e+03,5.877290909530560384e+03,5.882249848471730729e+03,5.887357348899482531e+03,-2.400817268937010738e+02,5.041506704344406171e+04,9.748731276583233694e+02,1.772901811173375393e+02,9.667033012435304329e+01,6.185767869714742773e+01,3.891444690329598188e+01,2.399588739207760213e+01,1.058201347286255256e+01,2.288713138953176962e+00
-1.001466404439838880e+04,-8.738169400875965948e+03,2.607741241223074667e+03,7.523543629733026137e+03,3.073793061780480639e+04,1.650871238797455590e+03,1.972935083189301224e+02,2.526225362957018660e+03,-3.841940984232321057e+02,7.096132345312757934e+03,2.717866921440702299e+02,1.661379969756707624e+03,1.149816000432003307e+02,-1.602391020175990999e+00,5.480655815893489269e+00,1.439372876822341940e+00,9.011047362907111946e-01,3.172091986641827344e-01,2.990192344903844224e-02,3.418012956776621195e+03,-3.513778930603027106e+02,-4.151420888041386206e+04,-2.230617331279234349e+04,9.661704465346439974e+03,-3.464158815704849985e+03,1.629035095234538630e+02,-7.166261705763291445e+01,-1.989353853451819987e+01,-1.124654919039037893e+01,-3.600509143346815932e+00,-4.408397415536674524e-01,5.917374436893537677e+03,5.782573646676471071e+03,1.823095082858009846e+04,5.560994312424142663e+03,5.641157697528065910e+03,5.664102857347097597e+03,5.679303308570509216e+03,5.692361349764140869e+03,5.703005415938854640e+03,5.714404991900683854e+03,1.772804876015519682e+01,-2.581003403627818898e+03,4.828476606181365059e+04,1.052781974946996115e+03,2.833180244834217092e+02,9.552339128206941155e+01,7.276310186366515609e+01,3.038244340785524145e+01,1.365313057339789005e+01,-4.920833281287379180e+00
-1.529940761981596006e+04,-1.307710654272748980e+04,3.874588975382274384e+03,1.090416796440690632e+04,4.404129772525799490e+04,2.081790733683214057e+03,2.576320089617579470e+02,3.867195274294219871e+03,-3.770500439305842519e+02,9.044822615483204572e+03,1.840401756392242987e+03,6.269322435920327052e+01,1.805075766268924781e+03,8.012169533442138913e+01,6.123271147000832748e+00,5.287871976003388319e+00,2.149238433574952367e+00,8.451238368773205112e-01,8.020943662289502230e-02,3.260071563092170436e+03,-2.698522126333909910e+02,-2.777078026105891331e+04,-2.392177679829995031e+04,-2.612213576026979717e+04,8.224732065860524017e+03,-2.313750756130380068e+03,-1.295024933362384445e+00,-6.891462604385897350e+01,-2.664017433232518073e+01,-9.491480806798747949e+00,-1.194040117910356802e+00,5.914669503093165986e+03,5.838842552979138418e+03,5.560994312424142663e+03,2.458782233407052991e+04,5.267281229712119966e+03,5.345304322056172168e+03,5.357166984828912973e+03,5.362391253083571428e+03,5.363887348492219644e+03,5.358238841815601518e+03,5.819434566356910210e+01,-1.598943540313339099e+03,-3.332700476950815755e+03,6.289519546077497944e+04,1.049315687432005234e+03,1.432697215959537971e+02,-2.387700284673428541e+01,-4.628549889172537490e+01,-3.889974964753299957e+01,-4.918665678065532632e+01
-2.145614361483778703e+04,-1.789923393656005646e+04,5.264917493496977841e+03,1.441960118202260492e+04,5.850856858952881885e+04,2.529475277270361403e+03,3.153270186319546156e+02,5.441982587853333825e+03,-3.479590750531361891e+02,1.045393356694881913e+04,3.044488969562035436e+03,1.468810811012879640e+03,1.536083573073025832e+01,1.607066828895756544e+03,8.630187956025210383e+01,5.391490308529524711e+00,5.217727774704262522e+00,1.683954741709401182e+00,1.723758671979582213e-01,3.110660759159645750e+03,-2.058328641448693475e+02,-1.743929053170483894e+04,-2.256948283370649369e+04,-2.536018162104166549e+04,-1.607742237098760597e+04,6.374978454461332149e+03,-2.485544938036696749e+03,-1.327660612994516498e+01,-6.288847487389007540e+01,-1.879556617478245073e+01,-2.604289660705280340e+00,5.912661810499618696e+03,5.854653026780102664e+03,5.641157697528065910e+03,5.267281229712119966e+03,3.162246270134619408e+04,4.867808150745304374e+03,4.913375601242828452e+03,4.886860278004587599e+03,4.852158171672227581e+03,4.783113948033014822e+03,8.155672574735636715e+01,-1.335652801740326822e+03,-2.470695892645343520e+03,-4.448094920742099021e+03,6.988348076431229129e+04,7.069865410831301915e+02,-1.641939542971974788e+02,-2.804481747273807173e+02,-2.263556209494418852e+02,-1.599700757749378965e+02
-2.921363891264196718e+04,-2.361993500264859904e+04,6.894456047350349763e+03,1.830037976169104513e+04,7.562210536240538931e+04,3.052481086740150658e+03,3.763431474590830135e+02,7.438343618884736316e+03,-2.951207382702105519e+02,1.159230100762382244e+04,4.231150808321517616e+03,2.639599135982875396e+03,1.045343622243176924e+03,1.245148899281150179e+01,1.450675441864097138e+03,6.184402397867154377e+01,6.839321964741347237e+00,3.499235843163135851e+00,3.323666907595939080e-01,2.952197199370486032e+03,-1.495574836313626577e+02,-7.327620099319530709e+03,-2.164218149593581984e+04,-2.338314675017496120e+04,-1.872872728251446824e+04,-1.621449030337387194e+04,5.380324091614743338e+03,-1.792882755684764788e+03,-6.057834877100209781e+01,-3.876025803721635299e+01,-5.105625461829770728e+00,5.910895384860227750e+03,5.864310199650260074e+03,5.664102857347097597e+03,5.345304322056171259e+03,4.867808150745304374e+03,3.981768118186375796e+04,4.269013504091944014e+03,4.234263985244901050e+03,4.110813372135849022e+03,3.896369264572786960e+03,9.537546138932627571e+01,-1.195300948549590657e+03,-2.298012759309614012e+03,-3.658947797643394097e+03,-5.382482555013816636e+03,7.837035287204077758e+04,1.740173354730145547e+02,-6.822934208021845279e+02,-6.197691544094859637e+02,-3.938227235873911241e+02
-3.946016475079847442e+04,-3.070457487099420905e+04,8.885952962839695829e+03,2.270225604995787580e+04,9.702065985003422247e+04,3.758118066018566424e+03,4.523577935937601069e+02,1.011795734182960587e+04,-2.337407094034183501e+02,1.256874291418004941e+04,5.331872227256462793e+03,3.895450462891101324e+03,2.064818933795277189e+03,1.036919951817753372e+03,5.258814930621846884e+01,1.264303752531270902e+03,4.146441347204855532e+01,5.519188758708206244e+00,6.581008952488279773e-01,2.961551716389656576e+03,-1.099360450545414949e+02,1.094289148538278823e+03,-1.909860344393010746e+04,-2.325068754070736031e+04,-1.824214945429711224e+04,-1.697762437153796782e+04,-1.558403373477363129e+04,4.908061125448554776e+03,-1.122473812496513574e+03,-5.784111446297332293e+01,-1.037862318960244856e+01,5.909223856325738780e+03,5.871590060870117668e+03,5.679303308570509216e+03,5.357166984828912064e+03,4.913375601242829362e+03,4.269013504091944014e+03,4.957832754013573867e+04,3.327120058387828976e+03,3.085248171050744531e+03,2.575397754817948226e+03,1.061207890459050418e+02,-1.076844124128871499e+03,-2.271768600496508043e+03,-3.640083282156026598e+03,-4.797881280623890234e+03,-6.677747667252784595e+03,8.495747770586816478e+04,-8.072178469267792025e+02,-1.333490881254178248e+03,-8.552783299820661114e+02
-5.414082870389528398e+04,-4.015162475624094077e+04,1.150788384042748658e+04,2.804579991083996720e+04,1.258074373373982962e+05,4.719190916363078031e+03,5.427270828457449170e+02,1.396343218147545667e+04,-9.691627364525689359e+01,1.346576074374209202e+04,6.460842135055012477e+03,5.240237041425538337e+03,3.336403280490105772e+03,2.194617438667358329e+03,1.188499752758645400e+03,1.681691168883905050e+02,9.433421983204150365e+02,2.336586233647692623e+01,1.178047469097968980e+00,2.853647881777563271e+03,-7.722190150152965771e+01,9.640545179823750004e+03,-1.631561223234468889e+04,-2.141285316262341075e+04,-1.882574789073246211e+04,-1.759840705079165127e+04,-1.591276061858486537e+04,-1.589686718510449828e+04,4.513823253688892692e+03,-5.305426081616499232e+02,-1.888316330687932165e+01,5.907515452378468581e+03,5.877290909530560384e+03,5.692361349764140869e+03,5.362391253083571428e+03,4.886860278004587599e+03,4.234263985244901050e+03,3.327120058387828976e+03,6.194061976989331015e+04,1.571634217381044436e+03,4.744332653499450316e+02,1.145102087855438384e+02,-9.763626218262470502e+02,-2.242272055818504668e+03,-3.790258422011115726e+03,-5.114531640137880458e+03,-6.458430868919008390e+03,-8.352045688215774135e+03,9.192000816074787872e+04,-2.325905635475058261e+03,-1.814755759150642007e+03
-7.970774037809116999e+04,-5.527286774242598767e+04,1.563991059648599912e+04,3.555058832344399707e+04,1.729952562011740811e+05,6.459959274469575575e+03,6.946928896529320809e+02,2.078086477248687515e+04,1.773873227620288731e+02,1.446861506275632019e+04,7.746383270484505374e+03,6.845363233291210236e+03,4.982390236946879668e+03,3.926043694668862372e+03,2.845994816414201978e+03,1.769134120481855007e+03,5.881476547425444323e+02,4.937864362764537987e+02,5.661813333220234945e+00,2.829288493727976856e+03,-7.029612889724202773e+01,1.960148657522688154e+04,-1.128851501531752183e+04,-1.829473684894867620e+04,-1.850168133636986022e+04,-1.836811774528257592e+04,-1.764584035303855126e+04,-1.630457613763295376e+04,-1.869876427961724767e+04,3.637118838861190397e+03,-1.428785865591549111e+02,5.905468473791619544e+03,5.882249848471730729e+03,5.703005415938854640e+03,5.363887348492219644e+03,4.852158171672227581e+03,4.110813372135848113e+03,3.085248171050743622e+03,1.571634217381044436e+03,8.032034117363352561e+04,-3.439518432767068589e+03,1.235861828255750652e+02,-8.788672634548969427e+02,-2.219823330453325525e+03,-3.946216285468377464e+03,-5.616920158771175920e+03,-7.401150178138571391e+03,-9.104294392829981007e+03,-1.124761813734778116e+04,9.725266347837830835e+04,-4.190694426431267857e+03
-1.622961816943700542e+05,-9.590626331429938728e+04,2.649089159541040135e+04,5.115630103724473884e+04,3.117906377279238077e+05,1.287932313471818452e+04,1.295096737362561498e+03,4.347209265175040491e+04,1.298990700984188379e+03,1.604823009490941877e+04,9.900707117759795437e+03,9.716144948915349232e+03,8.097748593418498785e+03,7.436418751181183325e+03,6.799341742180494293e+03,5.931002954781378321e+03,5.380592863581238817e+03,3.894234508283961077e+03,1.850895887968931390e+02,3.436543487843914590e+03,-1.627044214163988727e+02,3.689003673195527517e+04,-2.298997549175033782e+03,-1.063741307494978173e+04,-1.326287426934203904e+04,-1.583296179544552069e+04,-1.775982531628812285e+04,-1.947161432467812119e+04,-2.329592687957745511e+04,-2.988784119577742604e+04,-4.030491872934373077e+03,5.901862674251387944e+03,5.887357348899482531e+03,5.714404991900683854e+03,5.358238841815600608e+03,4.783113948033012093e+03,3.896369264572782868e+03,2.575397754817950499e+03,4.744332653499413937e+02,-3.439518432767074046e+03,1.234411405602772866e+05,1.361173059422824281e+02,-7.554833768640694416e+02,-2.203035825668509005e+03,-4.212493809119111575e+03,-6.412629280624745661e+03,-9.064154155482588976e+03,-1.207831609434985512e+04,-1.579364656220045981e+04,-2.068664241258768016e+04,9.486432458457996836e+04
-2.174163169250474766e+03,2.158770725840325667e+03,-6.059918901769244712e+02,-1.197589586661564681e+03,-1.498835144950765607e+04,-5.635491161881083826e+03,-4.490626436264410017e+02,-1.576621345300808571e+03,3.230590601054974741e+03,-1.110820868787653308e+04,6.453811014114879981e+03,-2.650617512860029734e+01,-3.284225954448123019e+01,4.600672105912151366e+00,-4.513430674591230485e+00,-2.474555314105458259e-01,-5.144765864990230586e-01,-1.359648385055739761e-01,-1.562996853810867670e-02,-4.704649497087908094e+04,8.147137470966003093e+03,-2.612980010440008482e+05,-2.672906193276704289e+05,7.431283896457107403e+03,1.954531322004448555e+02,-2.636284514039552107e+00,4.598084454725269410e+01,6.268498467567875210e+00,6.156543311845058319e+00,1.496113158129401377e+00,2.258170629690996190e-01,-4.915213599275160959e+03,-2.400817268937011022e+02,1.772804876015522524e+01,5.819434566356913763e+01,8.155672574735662295e+01,9.537546138932640361e+01,1.061207890459051129e+02,1.145102087855437389e+02,1.235861828255748947e+02,1.361173059422823428e+02,5.926096282869169954e+05,1.308633391417010898e+03,1.388318409503314797e+03,1.668282380039496786e+02,2.322902161043151068e+02,1.395534316739680776e+02,1.185205928782092997e+02,9.873309464159747506e+01,8.228882450312869423e+01,5.249083999137833700e+01
-4.425259969173109130e+04,-3.744899666986276134e+04,1.150236172702250951e+04,3.752401471502165077e+04,1.090711819531446963e+05,-2.913378986935780176e+03,-2.516876818733019263e+02,6.487547308942812379e+03,4.633265580310983751e+03,3.518633311054357182e+04,-1.320895135662189568e+04,1.425829063170636073e+04,-6.141981253270967045e+02,1.385666415590765155e+02,-9.085000666965067140e+00,1.123550331685605030e+01,2.755200692123907835e+00,1.317294959690913592e+00,1.156320695222649436e-01,-4.879993437297491619e+04,7.013871342554536568e+03,-9.085735629680322018e+05,-2.186956852866290428e+05,-5.243490994865647517e+05,2.640673521679971600e+04,-1.839856456840267583e+03,1.301574570867877867e+02,-1.550152135873668726e+02,-3.368951682456338403e+01,-1.484323566537153027e+01,-1.720546614528835061e+00,1.096998906824586868e+02,5.041506704344406899e+04,-2.581003403627817534e+03,-1.598943540313339554e+03,-1.335652801740328641e+03,-1.195300948549590203e+03,-1.076844124128871954e+03,-9.763626218262467091e+02,-8.788672634548971700e+02,-7.554833768640705784e+02,1.401441059544737072e+03,1.614765641720982967e+06,4.616458789751754011e+03,5.912772851255095702e+03,1.729886764303197140e+02,1.057260040663274594e+03,4.313543466643566262e+02,3.607950661669561327e+02,1.781821759352883419e+02,7.196620892810651071e+01
-5.282714933246062719e+04,-3.331137888252571429e+04,9.770585452546516535e+03,2.705714775627155177e+04,9.657848870064657240e+04,-4.804769403056813644e+03,-4.519322527552691326e+02,9.083764550674799466e+03,4.756646684371837182e+03,5.562191191943187732e+03,1.598230110456699185e+04,-1.110789816446178520e+04,1.650933813870291488e+04,-9.539845922928886921e+02,2.056465537675607322e+02,-1.470889593619233793e+01,1.327414453619611479e+01,2.702337550942887745e+00,3.188077326537623879e-01,-4.188777738719549234e+04,5.120489016301439733e+03,-6.679667135451817012e+04,-1.218672295818598941e+06,-1.482047538906357076e+05,-5.721539686053422047e+05,3.509005233414249960e+04,-2.633830920272196181e+03,1.807159422010723517e+02,-1.611026854754142050e+02,-3.027357508293577482e+01,-4.769316002552836053e+00,1.067547608615226018e+01,9.748731276583240515e+02,4.828476606181367242e+04,-3.332700476950816665e+03,-2.470695892645343065e+03,-2.298012759309610828e+03,-2.271768600496507588e+03,-2.242272055818507852e+03,-2.219823330453326435e+03,-2.203035825668512189e+03,1.508882351676592862e+03,4.644215063797300900e+03,1.879594381334013538e+06,-9.271557882073857400e+02,6.791274653200845023e+03,-1.526026709579327871e+03,3.080684574123321227e+02,-3.758866082366171213e+02,-5.891510573629338410e+01,-1.463523972663525683e+02
-6.495062902109407150e+04,-4.253390884092493070e+04,1.241985687819879968e+04,3.357113822485530545e+04,1.224486723572436313e+05,-3.637702618900153993e+03,-4.618083166601361427e+02,1.215052118719447390e+04,4.747907066664040940e+03,1.623526640742914424e+04,2.961081798590138533e+03,6.684054399898515840e+03,-7.431394722269426893e+03,1.555933952981813673e+04,-8.134558077008142618e+02,1.631824614258568715e+02,-2.750828508398605265e+00,7.987531862751203526e+00,5.742022930867347608e-01,-3.638392071118918830e+04,3.699408961062236813e+03,-6.419058107902434131e+04,-5.184152126166410744e+04,-1.237420791046136990e+06,-1.055659936281372065e+05,-5.384631413982290542e+05,2.887554117271681025e+04,-2.046803932369552967e+03,2.720830648438899502e+01,-8.804095143166617277e+01,-8.724608332719176573e+00,7.146871797837180296e+00,1.772901811173375108e+02,1.052781974946997025e+03,6.289519546077497944e+04,-4.448094920742103568e+03,-3.658947797643395916e+03,-3.640083282156027963e+03,-3.790258422011112998e+03,-3.946216285468373371e+03,-4.212493809119110665e+03,3.069275379272939404e+02,5.960064483050711715e+03,-9.076204304573209356e+02,1.888077490089307772e+06,-4.164356106740173345e+03,6.143517313572148851e+03,-3.171920229112411107e+03,-8.706210766847359537e+02,-1.062439145838910008e+03,-6.146102771354968581e+02
-7.652935636524957954e+04,-4.729748628332887165e+04,1.358362248926135544e+04,3.397783894709661399e+04,1.378378172328955261e+05,-3.034087391933990602e+03,-4.841609818395529032e+02,1.524387332067560601e+04,4.650325956338718242e+03,7.724523463964236726e+03,1.643590293590995134e+04,3.189839647697833698e+02,3.016119433893953101e+03,-3.958325256619474203e+03,1.217759810286850916e+04,-5.436921774741558693e+02,1.022775802264036429e+02,3.631538881068941738e+00,1.271570629409626951e+00,-3.153939277822885924e+04,2.569613577228314625e+03,-2.198983627966186759e+04,-1.291671563129638234e+05,-2.107508118326382828e+04,-1.177725285654537147e+06,-6.779609291682335606e+04,-4.349438966922691325e+05,1.704225224018924564e+04,-1.185443205090545689e+03,-4.096800393454910960e+01,-1.979640592750278927e+01,-4.647409205290217171e-01,9.667033012435294381e+01,2.833180244834221071e+02,1.049315687432006371e+03,6.988348076431230584e+04,-5.382482555013813908e+03,-4.797881280623891143e+03,-5.114531640137878640e+03,-5.616920158771179558e+03,-6.412629280624748390e+03,3.877619984062149001e+02,2.356527906044956069e+02,6.826182493329461977e+03,-4.148983624361608236e+03,1.741087557046510046e+06,-6.838503630708431956e+03,4.259800115534293582e+03,-4.484697197712751404e+03,-2.289907015625980875e+03,-1.425059013459710968e+03
-9.024521619151553023e+04,-5.398843731854027283e+04,1.530814533797080730e+04,3.570052647072528634e+04,1.596720398508511134e+05,-1.773460976566688487e+03,-4.438284969812126519e+02,1.904252730034345950e+04,4.450283071154780373e+03,7.274270077506400412e+03,8.841556988114982232e+03,1.445138245081931382e+04,-3.656151066187422884e+02,3.281073057875100858e+03,-2.449965613859569203e+03,8.575404608033779368e+03,-2.752384946369148793e+02,4.400475378494355994e+01,1.154370149094283260e+00,-2.661257612951771080e+04,1.590415281621800659e+03,-1.013834633335987019e+04,-5.159221686374083947e+04,-1.327295602174839005e+05,-2.198201940951466895e+03,-1.025166933049322572e+06,-4.978949023186093109e+04,-3.212863666770169511e+05,7.071164019892236865e+03,-4.788802211310775760e+02,-1.816990350471292714e+01,6.854961890254464459e-03,6.185767869714741352e+01,9.552339128206952523e+01,1.432697215959538823e+02,7.069865410831315558e+02,7.837035287204083579e+04,-6.677747667252790052e+03,-6.458430868919009299e+03,-7.401150178138568663e+03,-9.064154155482578062e+03,3.084098821572724773e+02,1.133308823018853673e+03,-1.477734201269300684e+03,6.172274464132095090e+03,-6.825118962527027179e+03,1.490912727473444305e+06,-9.755833230796648422e+03,5.392525889945202380e+02,-5.338098907708927982e+03,-2.684342823612534630e+03
-1.054581408321454946e+05,-6.034178804692967242e+04,1.688486060553669085e+04,3.632218240060874814e+04,1.818783787669757148e+05,-3.571567553969813957e+02,-3.848027731239295122e+02,2.336672852250022333e+04,4.269095658785423439e+03,5.313559876977014028e+03,9.223341847208372201e+03,7.699319156160597231e+03,1.267552242008830945e+04,-2.025269746947701606e+02,4.942766001568653337e+03,-1.302019421607332333e+03,4.871064286642237676e+03,-8.915206578808360405e+01,6.166179511261546509e+00,-2.220300930059377788e+04,7.694961249717389364e+02,-1.993849614248899570e+03,-3.871085823977996915e+04,-5.175502109511624440e+04,-1.150313875070263166e+05,-3.211324303807155502e+03,-8.589349447279043961e+05,-3.391863152058307605e+04,-1.893513563563869684e+05,1.377634205831379859e+03,-1.017857148188579401e+02,-1.913102002005883318e+00,3.891444690329601030e+01,7.276310186366541188e+01,-2.387700284673296380e+01,-1.641939542971960009e+02,1.740173354730139010e+02,8.495747770586828119e+04,-8.352045688215763221e+03,-9.104294392829979188e+03,-1.207831609434985876e+04,2.994876045687164492e+02,5.195136902271398185e+02,3.684715269295580811e+02,-3.131052517345240176e+03,4.285295344922896220e+03,-9.743722669589453290e+03,1.196717564084177604e+06,-1.287868972332533122e+04,-4.201911757602962098e+03,-4.951229051702292963e+03
-1.236800415810070117e+05,-6.799149652012629667e+04,1.876689598403772834e+04,3.674052203255600034e+04,2.098099863758473075e+05,1.766651888533307329e+03,-2.299153443118700579e+02,2.894979498489277466e+04,3.977742362624384896e+03,4.514242267196804278e+03,7.343422900987895446e+03,8.729162511135993554e+03,6.677247787846567917e+03,1.104356514553676425e+04,1.961812909242987416e+03,7.817546896230948732e+03,-1.700072599563934546e+03,1.789510102934140832e+03,-9.497858757534613616e+00,-1.705152657532645389e+04,5.386597008391473196e+01,2.317605656955527138e+03,-2.248261612207182407e+04,-4.061140092157764593e+04,-4.214276328440448560e+04,-9.202962857011410233e+04,-2.993342778918970725e+04,-5.779996920869456371e+05,-3.181492367364273014e+04,-6.821974678689702705e+04,1.677081649607991096e+02,-2.613885036267570960e+00,2.399588739207761989e+01,3.038244340785518816e+01,-4.628549889172499121e+01,-2.804481747273802057e+02,-6.822934208021849827e+02,-8.072178469267789751e+02,9.192000816074790782e+04,-1.124761813734777934e+04,-1.579364656220044708e+04,2.916363540590042476e+02,4.608906574566374275e+02,-3.035472909924890246e+02,-8.178171171906719792e+02,-4.447265720597244581e+03,5.632993979286203512e+02,-1.286675347559843067e+04,8.107392157046882203e+05,-1.609706880467161318e+04,-7.450258826013508951e+03
-1.468878936535716639e+05,-7.624483749296340102e+04,2.067421330547257458e+04,3.512899274576999596e+04,2.425710064167916134e+05,4.765942725505618910e+03,4.507258330471152874e+01,3.654232639180467231e+04,3.687763613449629702e+03,3.622276062076904964e+03,5.335233742081713899e+03,6.346533108918626567e+03,8.343749556682740149e+03,6.606399526995024644e+03,9.571125380555879019e+03,4.722648439646180123e+03,1.082890066153514999e+04,-2.138540948624577140e+03,2.539376913117639845e+02,-1.122081070660898513e+04,-4.968437539659262256e+02,5.392735047531428791e+03,-1.021810251012593108e+04,-2.040044891984489368e+04,-3.517817051969884778e+04,-3.494165879264752584e+04,-6.359552592330105836e+04,-4.657375314732293191e+04,-3.145020800251261680e+05,-3.883278616479884658e+04,-9.396359452545264503e+03,-2.964296663371982721e+00,1.058201347286257210e+01,1.365313057339790070e+01,-3.889974964753299247e+01,-2.263556209494420273e+02,-6.197691544094861911e+02,-1.333490881254178021e+03,-2.325905635475057352e+03,9.725266347837830835e+04,-2.068664241258766924e+04,2.886296564941383167e+02,2.917153397985729271e+02,2.686178408143658203e+01,-9.961976137712449599e+02,-2.239037965936869568e+03,-5.300614526201220542e+03,-4.176537937302459795e+03,-1.608363123209801961e+04,4.744642451439276920e+05,-1.750164943442564982e+04
-1.906613974857213034e+05,-7.612932815508636122e+04,2.016656805858550069e+04,2.440293802291999964e+04,2.918905933661155868e+05,1.128298879361051149e+04,8.450333921036994980e+02,5.082601731300527172e+04,3.727879034311247779e+03,2.039513809943889783e+03,3.427161466392215516e+03,4.331027688826108715e+03,4.952851956511362914e+03,5.777611346787068214e+03,6.701260883411069699e+03,7.901716937388833685e+03,8.693391580193394475e+03,1.476097787957173205e+04,2.403783353930741214e+03,-2.629519473538133752e+03,-5.972130556124050145e+02,5.809910340015370821e+03,-1.718219615481656092e+03,-6.285585105862882301e+03,-1.024605454281297898e+04,-1.493834382823939814e+04,-2.068395667001032052e+04,-2.935433990909447675e+04,-4.096098161844433344e+04,-1.160724929262345686e+05,-5.159570537860635523e+04,-2.788061038704969352e+00,2.288713138953179183e+00,-4.920833281287353422e+00,-4.918665678065534053e+01,-1.599700757749378113e+02,-3.938227235873912377e+02,-8.552783299820663387e+02,-1.814755759150641779e+03,-4.190694426431270585e+03,9.486432458457998291e+04,2.821880239640760806e+02,2.088557247730793165e+02,-3.721915546693458055e+01,-5.250123930861441295e+02,-1.350833611788913231e+03,-2.623502090123140988e+03,-4.902498879420101730e+03,-7.413464901458218264e+03,-1.747829308244395361e+04,1.824701588009213156e+05
3.144164902317360677e-01,4.938898262270391415e-02,6.732000000000000206e-01,9.660499999999999643e-01,8.312813930620481795e-01,-1.000000000000000000e+00,0.000000000000000000e+00,5.500000000000000444e-01,0.000000000000000000e+00,1.100227249253534767e+00,1.220655561573370296e+00,1.272792206135785475e+00,1.317193987231949137e+00,1.358307770720612595e+00,1.399999999999999911e+00,1.443952907819365139e+00,1.494991638772605214e+00,1.565247584249852775e+00,1.743559577416269324e+00,5.000000000000000000e-01,0.000000000000000000e+00,0.000000000000000000e+00,0.000000000000000000e+00,0.000000000000000000e+00,0.000000000000000000e+00,0.000000000000000000e+00,0.000000000000000000e+00,0.000000000000000000e+00,0.000000000000000000e+00,0.000000000000000000e+00,0.000000000000000000e+00,0.000000000000000000e+00,0.000000000000000000e+00,0.000000000000000000e+00,0.000000000000000000e+00,0.000000000000000000e+00,0.000000000000000000e+00,0.000000000000000000e+00,0.000000000000000000e+00,0.000000000000000000e+00,0.000000000000000000e+00,0.000000000000000000e+00,0.000000000000000000e+00,0.000000000000000000e+00,0.000000000000000000e+00,0.000000000000000000e+00,0.000000000000000000e+00,0.000000000000000000e+00,0.000000000000000000e+00,0.000000000000000000e+00,0.000000000000000000e+00
