5.028138503817003220e+06,-4.430886359219123842e+05,1.328781804305386904e+05,5.489473926456883783e+05,-3.222297256638334598e+06,-5.509377225337284617e+05,-8.396511767464128206e+04,-4.791788175596841611e+05,-2.901037999165382280e+04,-3.294849974556519883e+05,-2.310156280648562824e+05,-2.046956227130724001e+05,-1.836071224560420669e+05,-1.708084733137378062e+05,-1.613508799825595634e+05,-1.536142103950347228e+05,-1.474699807547270611e+05,-1.392756843360729690e+05,-1.188026670203983231e+05,2.498524539495809586e+04,-1.833091813728907937e+03,1.492120276620483957e+06,1.468163811691738432e+06,8.926377043975903653e+05,4.749896266047781100e+05,-4.091988033942652692e+03,-2.017122791106893565e+05,-3.879127797074726550e+05,-3.332683896464032587e+05,-1.031562801067147084e+05,3.072099190911842015e+04,6.796993158773459527e+02,4.328433765653197952e+03,7.351660231964525337e+03,1.055249025759762844e+04,1.405621121521355963e+04,1.810610520947229452e+04,2.296188560626497201e+04,2.911777083805872826e+04,3.841508774141196045e+04,6.207116371285253990e+04,-9.872390762232182169e+03,1.658084097200314500e+04,1.390012804053352374e+04,2.193783353175235607e+04,2.533569291356463145e+04,3.010469323273461123e+04,3.376715629012609861e+04,3.762523632211104996e+04,4.102057159158258582e+04,4.398684404594690568e+04
-4.430886359219111619e+05,8.198274337619263679e+05,-1.654439553067743254e+05,-1.462449457865207223e+05,4.942404522055247799e+04,2.939313311609900848e+04,6.356826514448311173e+03,2.234179641080074362e+04,3.166070706906207306e+03,-1.060681553574909958e+04,-1.113058292328928655e+04,-1.046429609104437804e+04,-7.771623635422892221e+03,-3.790060413083479034e+03,2.676066652727637916e+02,7.947059342023109821e+03,1.203965795389211780e+04,2.564142844759506988e+04,4.040980555503198411e+04,1.756061655104699639e+02,-4.867769711274949174e+00,8.195126929523376748e+04,6.333195712012363947e+04,3.210517503040690281e+04,-2.127353939633031405e+04,-4.221431312732947845e+04,-6.426122379057235230e+04,-1.340921502759702162e+04,-6.709054178251293706e+03,6.007122830111595249e+03,-1.866155259845295950e+04,7.053092666379966680e+00,-9.972089738200519093e+01,-1.131157880228928008e+02,-1.313522606620176987e+02,-1.408616776794046928e+02,-1.500521311911423652e+02,-1.566505785079550606e+02,-1.643768420684961313e+02,-1.667709125924882869e+02,-1.776160710603022608e+02,-8.271719318600057704e+02,-8.915141388142444612e+02,-1.273724912512088849e+02,-3.413670414552284456e+02,-1.241879794772107317e+02,-1.819481971473909994e+02,-1.055347720879409223e+02,-9.687753521705951698e+01,-8.738649259324441232e+01,-4.116091961000302035e+02
1.328781804305385449e+05,-1.654439553067742963e+05,3.774477015580753505e+04,3.877530454573911265e+04,-3.389198559961743013e+04,-1.131598632797912433e+04,-2.224450069171714404e+03,-9.131139318486728371e+03,-1.001594776248655194e+03,2.160791790177146140e+03,1.792240582706973328e+03,1.483536725689168406e+03,7.520898199948857155e+02,-3.277798486267637372e+02,-1.478962235420355682e+03,-3.154001855997721123e+03,-4.617958436234088367e+03,-7.387522391186616915e+03,-1.108225793520408115e+04,-4.816121139115443128e+01,2.781977624330171928e+00,-1.702761981302675849e+04,-7.113899567427069996e+03,-1.078349650832391490e+03,1.034579201181702956e+04,1.396229605752034513e+04,1.251185845926228467e+04,4.140967129688901878e+03,-3.377180799436087000e+03,-8.563336261545809975e+02,4.697923878503634114e+03,-2.708714922227753785e+00,3.067934635360941797e+01,3.560407179935822342e+01,4.085261731363902271e+01,4.380482470034760922e+01,4.653708628970568384e+01,4.841948765144159239e+01,5.025693390938651817e+01,5.088004061390189747e+01,5.008702385871342244e+01,2.590389631572764984e+02,2.876977585535343565e+02,4.221763461440241372e+01,1.032097322229526526e+02,3.986968737289825526e+01,5.254463510562377593e+01,3.129412402478999411e+01,2.650401433173675514e+01,2.150339564942066772e+01,7.744659467933686869e+01
5.489473926456884947e+05,-1.462449457865203149e+05,3.877530454573911993e+04,9.160621598040607932e+04,-3.514227087999343057e+05,-6.198783090498627280e+04,-1.046252095604208444e+04,-6.038226172577113175e+04,-3.904513019608974901e+03,-5.718396498914726180e+03,-1.389860881192060333e+04,-1.666129596440598107e+04,-1.838016492039783770e+04,-1.973464031529067142e+04,-2.090123493792357112e+04,-2.196698135524383542e+04,-2.290697351404138681e+04,-2.368441653904202030e+04,-2.282587122224345876e+04,-1.492342790168929412e+02,1.955008806820372769e+01,3.948045463208297588e+04,1.265097517113538488e+05,1.067519312918044452e+05,7.678417406355220010e+04,2.005585970574674866e+04,-1.336790689066515733e+04,-4.872102105641967501e+04,-5.068296587874857505e+04,-1.818848778714904620e+04,6.463927704169495883e+03,-1.543860942366502620e+01,1.118609900534699904e+02,1.350455799434738537e+02,1.509070368145930843e+02,1.607703709423023497e+02,1.679037629007728469e+02,1.717848676271526642e+02,1.736959790394142829e+02,1.702023341447589075e+02,1.335320606733700970e+02,9.679214054132237379e+02,1.188912554692453114e+03,1.651332162983876515e+02,3.571002021172471359e+02,1.441106558075939006e+02,1.487085999782241856e+02,8.132888884373824112e+01,5.319624790633081801e+01,1.727592185608876463e+01,-5.402465009833920817e+01
-3.222297256638337392e+06,4.942404522055007692e+04,-3.389198559961707360e+04,-3.514227087999344221e+05,2.432198856806974858e+06,3.576568540767227532e+05,5.514029070360644255e+04,3.552179900722801103e+05,1.830022294992762909e+04,1.845850859137708321e+05,1.582698627435738745e+05,1.434358592620367708e+05,1.325551357995335420e+05,1.240435884154320520e+05,1.168639453075456113e+05,1.105688480047336052e+05,1.039715586093263555e+05,9.569030349966410722e+04,7.572165345683445048e+04,1.700126645290770284e+02,-8.407518635355927472e+00,-1.243783573914740933e+06,-9.881641569385472685e+05,-6.262416919250676874e+05,-2.941037434147871681e+05,7.045742093858477892e+04,2.110137824897273676e+05,3.354980635851527913e+05,2.768152656296567293e+05,9.750952637460159895e+04,-1.345200260409201837e+04,2.607928008641758879e+02,4.340045661599065738e+02,4.474567055706181691e+02,4.810639345859278819e+02,5.083195394874794601e+02,5.431327688739488622e+02,5.792836628628629114e+02,6.264662162191057178e+02,7.019615863697626992e+02,9.837048759411263745e+02,3.113995919271866114e+03,-7.750025467569194007e+02,4.884682944716787460e+02,3.092031939804619469e+02,2.485875763630938309e+02,3.099806050783536193e+02,3.777164983071261304e+02,3.553334519683694452e+02,4.373451568539139771e+02,8.049343028563969256e+02
-5.509377225337284617e+05,2.939313311609907396e+04,-1.131598632797913160e+04,-6.198783090498631645e+04,3.576568540767228696e+05,6.675214658315248380e+04,1.073658220208108469e+04,5.699004901502345456e+04,3.284628621650971581e+03,2.372065425394503109e+04,2.085162887078367567e+04,2.128972118012020655e+04,2.061729531196536482e+04,2.047203962635055359e+04,2.036670514841407567e+04,2.015370207543480137e+04,2.023504531207865512e+04,1.965337318189792131e+04,1.730198251703614369e+04,4.246249850714952458e+02,9.635513480823936661e+00,-7.241585143968096236e+04,-1.352120444286712445e+05,-1.000972411757247610e+05,-6.599441269108053530e+04,-1.268911655052214701e+04,1.547706427744445500e+04,4.298500284269011172e+04,4.165674496472155442e+04,1.228164780277484897e+04,-4.076596654060384481e+03,-5.123335994258100712e+00,-2.490421306692580004e+02,-5.312775556273995790e+02,-8.798309139169887203e+02,-1.311773552198758125e+03,-1.868791629356119756e+03,-2.600034063506705024e+03,-3.635889445058831370e+03,-5.373519900146810869e+03,-1.049879187820142397e+04,-8.673319648206527290e+02,-3.142126922119368828e+03,-3.346354364784951485e+03,-4.369244337193114006e+03,-5.195054446141253720e+03,-6.213205301686042731e+03,-7.238066336554798909e+03,-8.395918922216906140e+03,-9.734563029198397999e+03,-1.162320314407671685e+04
-8.396511767464126751e+04,6.356826514448319358e+03,-2.224450069171713949e+03,-1.046252095604208080e+04,5.514029070360642800e+04,1.073658220208108105e+04,1.825181699386171204e+03,9.421899723186983465e+03,6.036557227850637446e+02,1.989666989864610969e+03,2.281199659943616098e+03,2.677139760588337140e+03,2.852489871082354512e+03,3.061947874225896157e+03,3.255819528254068246e+03,3.433000495590858463e+03,3.665007641302329830e+03,3.839919797941175148e+03,3.804815586227437961e+03,9.035955604589159407e+01,4.691200407291746366e+00,-4.903559900283000388e+03,-1.536529620017141315e+04,-1.376958965139010252e+04,-1.096508201287084194e+04,-3.782760562070815467e+03,8.204171851535160158e+02,6.007033860042066408e+03,6.793282623413818328e+03,2.000887028129510782e+03,-9.113075594477899131e+02,-6.371229208382069853e-01,-2.018329887114110477e+01,-4.424576514266323102e+01,-7.934995503947342854e+01,-1.282814272165466036e+02,-1.981947728680624721e+02,-2.986846314699556615e+02,-4.539627725194154095e+02,-7.398589327569683292e+02,-1.708510565100843678e+03,-7.947323579683059336e+01,-2.633630244014694881e+02,-3.352217774833926001e+02,-4.855515430231249638e+02,-6.355411422373888399e+02,-8.292142269855810355e+02,-1.048082632818042612e+03,-1.316101549220649986e+03,-1.673592790629176307e+03,-2.340986855280205418e+03
-4.791788175596843939e+05,2.234179641080074362e+04,-9.131139318486730190e+03,-6.038226172577116813e+04,3.552179900722799939e+05,5.699004901502341090e+04,9.421899723186983465e+03,5.757892669975628087e+04,3.473563302089376521e+03,1.310019250116158764e+04,1.616764430619332416e+04,1.757735905213007936e+04,1.840072963389552024e+04,1.897985301308958515e+04,1.943147978544696525e+04,1.981022854078518139e+04,2.002697451085231296e+04,1.997732529231180524e+04,1.792251240525510366e+04,-2.921902664169780905e+01,-4.192994431073122641e+00,-9.491557332291909552e+04,-1.232129463220321340e+05,-1.008465388977599214e+05,-6.535600999978777691e+04,-1.046579774513715529e+04,1.886599840397864318e+04,4.896431576405379747e+04,4.755772400719969301e+04,1.808847424367979329e+04,-3.508764369580065704e+03,1.220575146706118197e+01,-1.958360411087821262e+01,-2.357864487944488019e+01,-2.671200791900068339e+01,-2.820877927903900684e+01,-2.810890016861527840e+01,-2.689754003688469197e+01,-2.357765889124674175e+01,-1.414617898195908197e+01,3.614741550561799954e+01,-1.835597756970215642e+02,-3.369342939633740457e+02,1.242927746300892977e+00,-6.970959631954991664e+01,5.147925613031986813e+00,9.678164903588481138e+00,4.329765780204454018e+01,5.915670325537034557e+01,8.472480587902397531e+01,1.485506098519007878e+02
-2.901037999165378278e+04,3.166070706906236410e+03,-1.001594776248657695e+03,-3.904513019608960803e+03,1.830022294992752722e+04,3.284628621650973400e+03,6.036557227850632898e+02,3.473563302089370609e+03,6.028976698702837211e+02,1.245898301654148952e+02,3.864415616113618626e+02,4.969239989768699388e+02,6.726634658508771736e+02,8.232987832093197085e+02,9.957068443758325884e+02,1.188334043367606228e+03,1.408924656475887787e+03,1.695886483263926038e+03,2.126760003038336436e+03,-2.293849357435578895e+03,1.287907987397496186e+02,-2.908664483151586410e+03,-2.864304117661345572e+03,-4.798905957398100327e+03,-4.590224382277474433e+03,-3.221619240633351183e+03,-1.737979088301723323e+03,3.894109745835014564e+02,1.399520439867319510e+03,3.435786384088625596e+02,-6.311922188593731562e+02,-2.843794139390552189e+01,-8.848291988836660948e+01,-1.011179861617925155e+02,-1.144826275497147208e+02,-1.238112953138515024e+02,-1.302551047924211503e+02,-1.380043999289474357e+02,-1.329040119659204322e+02,-1.123170802546593450e+02,-2.046419690373141265e+01,8.590208663710556038e+02,9.403351013208200584e+02,8.946574798255893484e+02,8.595567978605201915e+02,8.278827776243489325e+02,7.885499661071011133e+02,7.577870438277730045e+02,7.142884435577034310e+02,6.530672050887926616e+02,4.417282064548759877e+02
-3.294849974556525121e+05,-1.060681553574961617e+04,2.160791790177293478e+03,-5.718396498914345102e+03,1.845850859137688240e+05,2.372065425394502017e+04,1.989666989864611423e+03,1.310019250116153489e+04,1.245898301654496549e+02,1.298138350006005203e+05,-1.713970485153920208e+03,1.401009264516734731e+02,1.685101661760892711e-01,1.594458838284147362e-01,3.592068291786265632e-02,3.509353140506465962e-02,1.954455210810657206e-02,1.307740936682667138e-02,3.804123971611993952e-03,-3.360345938782918438e+02,6.408400566690630740e+01,-5.579306323230437702e+05,7.110207381003572664e+04,-1.389577728924783878e+04,3.049788596957132825e+01,-6.739806222559654714e+01,1.313791305232918205e+01,-5.234565902740193621e+00,1.388306729309483956e+00,5.509944784952418573e-01,-4.467818089489449251e-01,-1.111446180583308490e+02,-8.172906162197673439e+02,-1.882664654756048549e+03,-2.574851734529432179e+03,-3.121180008722102230e+03,-3.597598634383350145e+03,-4.028795619888944202e+03,-4.446956541630264837e+03,-4.917939171498949690e+03,-5.647580106771116334e+03,4.224697854879789702e+03,-1.223535727614084135e+04,-7.241772225248891118e+03,-5.595135330317561056e+03,-4.626020143671581536e+03,-3.757825872828448610e+03,-3.113911898623895922e+03,-2.560680360853965340e+03,-1.966968438944219088e+03,-1.123101312452658021e+03
-2.310156280648565735e+05,-1.113058292328927382e+04,1.792240582706970827e+03,-1.389860881192061061e+04,1.582698627435737581e+05,2.085162887078362473e+04,2.281199659943615188e+03,1.616764430619338782e+04,3.864415616113669216e+02,-1.713970485153909522e+03,9.801656634767794458e+04,-6.740283084445229179e+03,2.570704117137420894e+02,-2.715330738208701078e-01,7.161112467714669805e-02,1.601516438039185530e-03,7.699716988025295805e-03,3.079355931971013149e-03,9.730618700233956662e-04,-1.266550414162433754e+03,1.661165017426031625e+02,-5.385370688523766876e+04,-4.156271559694744647e+05,2.854515036417621304e+05,-2.476302246920697871e+04,-8.224345334416645414e+01,-6.162656074878941581e+01,3.762397560317850775e+00,-2.677870355285280723e+00,5.340710737486510373e-01,-1.296922158473982623e-01,-4.184210779415914061e+01,-4.191496377246829184e+02,-3.922328559585566410e+01,-3.547489362527725234e+02,-6.744947053279292959e+02,-9.973217463957868176e+02,-1.319064920629235075e+03,-1.658518547278680217e+03,-2.059117618612563092e+03,-2.737187029866945522e+03,-1.205120392257637604e+03,5.719422563018784786e+03,-1.540725762877441639e+03,-2.418112200001631209e+03,-2.365423657775886113e+03,-2.321870672750367703e+03,-2.069086565502606391e+03,-1.863521101986830672e+03,-1.449700931099959917e+03,-9.466593609996182295e+02
-2.046956227130722546e+05,-1.046429609104431984e+04,1.483536725689142258e+03,-1.666129596440607565e+04,1.434358592620367126e+05,2.128972118012019200e+04,2.677139760588337140e+03,1.757735905213007936e+04,4.969239989768655050e+02,1.401009264516860355e+02,-6.740283084445223722e+03,9.742237143078913505e+04,-1.020626864862681941e+04,4.295987853721780425e+02,-6.864406429912439656e-01,6.910127953519484834e-02,1.536935275675888057e-03,5.470386159786129465e-03,1.049954182517733427e-03,-7.499790335334419069e+02,8.079436020722650369e+01,1.163499677162183070e+04,-2.435505104721870157e+05,-2.861769350193805294e+05,4.250003911342779757e+05,-4.054329991801031429e+04,-1.245800514962638204e+02,-7.736394084287799444e+01,3.593196090973317602e+00,-1.095530780907503665e+00,-1.045044867994144588e-01,-2.452697236816664406e-01,-1.660717650954425650e+01,-3.091856046171043886e+02,-5.616702829780651740e+01,-3.803237202854965631e+02,-7.083505843744130743e+02,-1.058323617504783442e+03,-1.451195962176340799e+03,-1.926168486484676123e+03,-2.779710521176315524e+03,-1.786537079724168819e+01,-4.853191822357881620e+02,3.567017960384104754e+03,-3.431595078945151272e+03,-3.207630631679428461e+03,-2.850426092291241730e+03,-2.733927309437531221e+03,-2.426393868841216317e+03,-2.027074836585919002e+03,-1.320459735833180503e+03
-1.836071224560416886e+05,-7.771623635422907682e+03,7.520898199948907177e+02,-1.838016492039791046e+04,1.325551357995339204e+05,2.061729531196538301e+04,2.852489871082359969e+03,1.840072963389552751e+04,6.726634658508680786e+02,1.685101661792058891e-01,2.570704117137425442e+02,-1.020626864862683942e+04,9.412720597777518560e+04,-1.133242831499968270e+04,3.735049579665276269e+02,-3.299306029427699904e-01,3.834675134045184564e-02,1.230479931670459132e-03,1.080637834258251634e-03,-8.258420237603467058e+02,7.089412387765440826e+01,-6.272615910295826325e+01,2.298488246525110299e+04,-3.747817773937607999e+05,-1.849121470306174888e+05,4.743441050441893167e+05,-3.665197698661307368e+04,-1.912539538124279375e+02,-4.694794148506243658e+01,1.811987757498663587e+00,-2.077146771470230746e-01,5.634704934296012879e-02,-1.135030580616663620e+00,-2.849282126021762451e+01,-3.177765405373577892e+02,-2.541011005237794862e+01,-2.673078519038395484e+02,-5.556271573867356892e+02,-9.077252320796239928e+02,-1.379712619486845597e+03,-2.274823148857189153e+03,1.382662541828576508e+00,-8.308646775371299498e+01,-8.023842029220500081e+02,3.276906385731563205e+03,-1.969861106532673375e+03,-2.315009123958967393e+03,-2.212402262319781585e+03,-2.188375280411976746e+03,-2.049402968422509275e+03,-1.390236149706481683e+03
-1.708084733137378062e+05,-3.790060413083344429e+03,-3.277798486267918179e+02,-1.973464031529067142e+04,1.240435884154319065e+05,2.047203962635053904e+04,3.061947874225907526e+03,1.897985301308958151e+04,8.232987832093215275e+02,1.594458838278640656e-01,-2.715330738201791050e-01,4.295987853721777014e+02,-1.133242831499967360e+04,8.777119996942195576e+04,-9.187731632447663287e+03,1.892937957162249631e+02,-1.128083385999090194e-02,1.436811961670127549e-02,4.924468185769255435e-04,-6.655985650941221365e+02,4.423692397740591531e+01,6.028308758991137495e+01,1.606979433229616916e+02,3.727916706574409181e+04,-4.278285791456581792e+05,-6.698353389943599177e+04,3.996320656222719117e+05,-2.070558227545434056e+04,-1.094563991565786267e+02,-1.300974461424801731e+01,4.466139550021696464e-02,9.861944966755086667e-03,9.440530553407891490e-03,-6.659142498809745847e-01,-1.552786497686819445e+01,-2.774355914163107286e+02,-3.527362740487144777e+01,-2.980466294184051321e+02,-6.357900517920216998e+02,-1.128265594250432741e+03,-2.131671005541289560e+03,-1.211518905869596319e-02,-1.783737154234987798e-02,-4.317562461967572318e+01,-4.332237905370897693e+02,2.659215590275506202e+03,-2.425255964175380086e+03,-2.316897106549679393e+03,-2.281224398574951010e+03,-2.188973666656974729e+03,-1.644154190918102358e+03
-1.613508799825595925e+05,2.676066652727940891e+02,-1.478962235420361822e+03,-2.090123493792357840e+04,1.168639453075455385e+05,2.036670514841407930e+04,3.255819528254070065e+03,1.943147978544695798e+04,9.957068443758427065e+02,3.592068291103078792e-02,7.161112467667152259e-02,-6.864406429912897067e-01,3.735049579665296733e+02,-9.187731632447665106e+03,7.822400620216583775e+04,-6.215704620384951340e+03,6.280680983711905441e+01,7.903739338827871913e-03,2.568263091913912128e-03,-6.030583643187377447e+02,2.825410721979198669e+01,-3.103320789180164496e+01,1.000066376363348866e+02,1.667630651796820018e+02,3.357352874637908099e+04,-3.665453160640241113e+05,-7.764533307631567368e+03,2.846619378921259195e+05,-7.701275200686478456e+03,-1.901800359372171556e+01,-9.213398513665508327e-01,1.256747848738824780e-02,1.513889283871440450e-02,1.036163961211911122e-02,-6.488682282041575711e-01,-1.367714635162480086e+01,-2.520551525953524390e+02,-4.542753430620832944e+01,-3.530924066852856527e+02,-8.392354247779459229e+02,-1.972932395361999397e+03,2.172387983313187887e-01,-3.697606783399012276e-01,-7.610653224944874395e-02,-4.292095430626979180e+01,-3.924931256298306153e+02,2.311987293022012636e+03,-2.424450110563464023e+03,-2.255074324024770704e+03,-2.290143388113487617e+03,-1.930571786369968777e+03
-1.536142103950346936e+05,7.947059342023115278e+03,-3.154001855997725215e+03,-2.196698135524385361e+04,1.105688480047335033e+05,2.015370207543483411e+04,3.433000495590866194e+03,1.981022854078517776e+04,1.188334043367606000e+03,3.509353141059090575e-02,1.601516438612615723e-03,6.910127953562783532e-02,-3.299306029430582043e-01,1.892937957162234284e+02,-6.215704620384946793e+03,6.818713188528822502e+04,-3.090974198511624309e+03,4.823828846778455137e+00,8.001211530469793786e-04,-5.272447756793540066e+02,1.382067406142483001e+01,-3.311943386309224913e+00,-3.040607908325914543e+00,6.873044749444979118e+01,1.446699108513614647e+02,1.873399617708589722e+04,-2.644794240283619729e+05,4.202845164578977710e+04,1.515722768953524646e+05,-8.841867405696362994e+02,-6.507586656416585180e-01,4.644068777618616528e-03,6.438486303086759024e-03,5.612859611330081600e-03,4.526575220505479891e-03,-2.337521794826896981e-01,-7.988186924131019495e+00,-2.252370122792771667e+02,-8.261437551309686000e+01,-5.364470686907361596e+02,-1.736776335426772448e+03,3.728902447197947334e-02,4.331233033841896951e-02,-1.299350079014963133e-01,5.497886212289193608e-02,-1.626853217405446372e+01,-2.383262448445037478e+02,1.969915259915891284e+03,-2.599494563075460974e+03,-2.310856892824158422e+03,-2.189615129082832482e+03
-1.474699807547270611e+05,1.203965795389211598e+04,-4.617958436234088367e+03,-2.290697351404138317e+04,1.039715586093263264e+05,2.023504531207865512e+04,3.665007641302330285e+03,2.002697451085232024e+04,1.408924656475887787e+03,1.954455210711536495e-02,7.699716987775495625e-03,1.536935275341155815e-03,3.834675134009746245e-02,-1.128083386083611472e-02,6.280680983711912546e+01,-3.090974198511625218e+03,5.874988049858946033e+04,-9.703129552404222977e+02,1.090089314972064183e-01,-4.090994590212935123e+02,1.275497557511711344e+00,-7.081556324860645901e+00,5.117015662211012561e+00,-3.331938350334108456e+00,3.463802064797758362e+01,7.753711969507781987e+01,6.927067978010615661e+03,-1.411049765301691368e+05,3.872661894989052234e+04,5.078365672370944958e+04,-3.290653500258832764e+01,3.703789621952352767e-03,4.817900103016444294e-03,5.075402887762505560e-03,4.621975838039707463e-03,5.284446957683958113e-03,-1.002174283985760028e-01,-4.682602777261400284e+00,-1.695748995169506088e+02,-2.164865707696269794e+02,-1.611927322829676768e+03,4.548501146090101754e-02,-3.586901345777401828e-02,4.699986962749524988e-02,-8.435941665694374203e-02,1.624591012127201695e-01,-7.593023295341650325e+00,-1.465055915972753837e+02,1.591964124177662143e+03,-3.065526077219490162e+03,-2.798532441768499211e+03
-1.392756843360728526e+05,2.564142844759508807e+04,-7.387522391186616005e+03,-2.368441653904200939e+04,9.569030349966412177e+04,1.965337318189793223e+04,3.839919797941176967e+03,1.997732529231181616e+04,1.695886483263923992e+03,1.307740936619028460e-02,3.079355931745020314e-03,5.470386159621254407e-03,1.230479931880634759e-03,1.436811961694917095e-02,7.903739338569581996e-03,4.823828846778681623e+00,-9.703129552404227525e+02,5.029977475280681392e+04,-1.946012805529730372e+02,-2.443785451427381759e+02,-6.699019048044872804e+00,-3.460622146101798968e+00,6.566774148959428903e-01,7.519791206517485449e-01,-1.192308339724261756e+00,1.025466080360516763e+01,1.566971618622423712e+01,8.328717923381510673e+02,-4.664905141829965578e+04,1.192119479416713602e+03,9.896930821210858994e+03,2.133620515756872241e-03,2.844816371010917312e-03,2.816275680747588536e-03,2.924276692117484810e-03,2.778482552516385595e-03,3.357635795754522479e-03,-8.718503005652383786e-03,-2.006105900674255871e+00,-8.481100359120448218e+01,-1.240555658033491682e+03,2.310114505993181300e-02,-7.684092807612896703e-03,-2.279072240187696163e-03,1.362022537812501710e-02,-3.172021092683011134e-02,9.123402789120879652e-02,-1.088520057904220018e+00,-6.458502610775788355e+01,1.096253346387731881e+03,-4.231102969336919159e+03
-1.188026670203983085e+05,4.040980555503196956e+04,-1.108225793520407933e+04,-2.282587122224347695e+04,7.572165345683450869e+04,1.730198251703614369e+04,3.804815586227438416e+03,1.792251240525508911e+04,2.126760003038337345e+03,3.804123971557604733e-03,9.730618699893556212e-04,1.049954182533341385e-03,1.080637834267345054e-03,4.924468185838748457e-04,2.568263091920541807e-03,8.001211530655975152e-04,1.090089314972493284e-01,-1.946012805529728382e+02,3.574643068293698161e+04,9.590059062763701547e+01,9.673463433869883943e+00,-1.212114315312117663e+00,3.915509197698884281e-01,-2.100660958599367689e-01,2.330419335849547302e-01,-3.119072331260350772e-01,1.692419633730518846e+00,1.687503795988755328e+00,7.534631212589877691e+01,-7.844042384941826640e+03,-1.593258209673167948e+04,8.351415466501812494e-04,1.098463325247174289e-03,1.102121531442807473e-03,1.103064402048638259e-03,1.131653463835792517e-03,1.111474032071960855e-03,1.259440688818915660e-03,6.017289252734821237e-04,-4.669108276385740552e-01,-7.311628126357352642e+01,9.354371018033817708e-03,-4.425921460959894582e-03,2.046305733335654353e-03,-1.524828650918963469e-03,3.323932893725081716e-03,-7.743427439016986602e-03,2.563053244125219898e-02,-7.444239218798917590e-02,-1.249226070543919676e+01,-7.045622851767934662e+02
2.498524539495772478e+04,1.756061655105695536e+02,-4.816121139119377403e+01,-1.492342790170350781e+02,1.700126645298842050e+02,4.246249850715134926e+02,9.035955604589418044e+01,-2.921902664163962982e+01,-2.293849357435581624e+03,-3.360345938780856159e+02,-1.266550414162412380e+03,-7.499790335334953397e+02,-8.258420237603858141e+02,-6.655985650941078120e+02,-6.030583643186591871e+02,-5.272447756793566214e+02,-4.090994590212930007e+02,-2.443785451427389432e+02,9.590059062763744180e+01,1.679267793498367610e+04,-1.197405857562072697e+03,2.190845162115831408e+04,4.006610911553511869e+03,1.062634714615433404e+04,7.413945811596045132e+03,7.319665126646170393e+03,6.378693165908796800e+03,5.500071226856137400e+03,4.806870207204497092e+03,3.400593203953656484e+03,7.606088144473715147e+02,3.344015431476724416e+02,8.080494298913282591e+02,8.359098652336000441e+02,8.681167503897870574e+02,8.865084313659219788e+02,8.903866405767987544e+02,9.092954206197319991e+02,8.576106772263225366e+02,7.348442084279578239e+02,3.028310195348956313e+02,-1.294534924724842676e+04,-1.005598895457898470e+04,-8.156685303666005893e+03,-6.980068095901613560e+03,-6.079169346368937113e+03,-5.301897570696457478e+03,-4.680069933923381541e+03,-4.054449508259655431e+03,-3.396822805484882338e+03,-2.078385873733947847e+03
-1.833091813728873603e+03,-4.867769711327127879e+00,2.781977624340925104e+00,1.955008806822132783e+01,-8.407518635430733411e+00,9.635513480821941812e+00,4.691200407291567842e+00,-4.192994431079227979e+00,1.287907987397501017e+02,6.408400566689422817e+01,1.661165017426042425e+02,8.079436020723466072e+01,7.089412387765324297e+01,4.423692397740404658e+01,2.825410721978500561e+01,1.382067406142521548e+01,1.275497557511437785e+00,-6.699019048045025571e+00,9.673463433869853745e+00,-1.197405857562076108e+03,1.495600017117152447e+02,-3.324814078788394909e+03,-7.541290754598435342e+02,-1.168075233295727685e+03,-7.537735589631415678e+02,-5.471516209639326007e+02,-3.467622187074800308e+02,-1.552797745912909022e+02,2.266875143488268662e+01,2.363695585838255795e+02,7.584216446560627389e+01,-5.160935679536095932e+01,-9.983921598361501992e+01,-8.868624180378040478e+01,-7.666882076713034166e+01,-6.558421162671696436e+01,-5.388867486623288983e+01,-4.356380174292483787e+01,-3.248011097191463392e+01,-2.632523364206118899e+01,-6.664870264231025487e+01,2.271168794595377676e+03,1.445675730984890151e+03,1.003144521561792658e+03,7.184402943848344876e+02,5.024483699083342572e+02,3.201213163538438948e+02,1.612537692978869757e+02,1.001169882770554054e+01,-1.365589853625902776e+02,-2.613246542963854040e+02
1.492120276620483026e+06,8.195126929523737635e+04,-1.702761981302755885e+04,3.948045463208120782e+04,-1.243783573914736509e+06,-7.241585143968084594e+04,-4.903559900282984017e+03,-9.491557332291893545e+04,-2.908664483151664172e+03,-5.579306323230445851e+05,-5.385370688523745048e+04,1.163499677162265107e+04,-6.272615910296008224e+01,6.028308759019455465e+01,-3.103320789216104458e+01,-3.311943385751419555e+00,-7.081556325392284634e+00,-3.460622146157973589e+00,-1.212114315313796764e+00,2.190845162115837593e+04,-3.324814078788341703e+03,1.312392474604503065e+07,-6.471652238605574705e+06,-2.748532502909804694e+06,-3.668440342430683813e+04,-1.045874441899981030e+05,1.584037355507350549e+04,-7.700714865148775971e+03,1.874366550792811267e+03,-4.065650960172976056e+02,3.331818867426546831e+02,9.850587858736663520e+02,4.744266283875456793e+03,-1.791502431325012367e+03,-5.404054280477666907e+03,-7.577034184043011919e+03,-9.497095641705920571e+03,-1.146980634679349168e+04,-1.345711431186950358e+04,-1.567175949254634907e+04,-1.904233241984971392e+04,-1.203496020988229429e+05,-1.084198893302908982e+05,-1.543798333209800767e+05,-3.094374479494581465e+04,-5.823672351424416411e+04,-3.153626918743843271e+04,-3.072299465405600495e+04,-2.334442050754463708e+04,-1.646074353257904295e+04,-9.253112754436362593e+03
1.468163811691740062e+06,6.333195712012474542e+04,-7.113899567427459260e+03,1.265097517113530776e+05,-9.881641569385458715e+05,-1.352120444286711863e+05,-1.536529620017140223e+04,-1.232129463220321049e+05,-2.864304117661393320e+03,7.110207381003556657e+04,-4.156271559694747557e+05,-2.435505104721881216e+05,2.298488246525129944e+04,1.606979433228498237e+02,1.000066376363611198e+02,-3.040607908424561856e+00,5.117015662339213122e+00,6.566774149109662062e-01,3.915509197697346067e-01,4.006610911553950245e+03,-7.541290754599069714e+02,-6.471394439527439885e+06,2.392156089063037559e+07,-1.068769622380969115e+07,-4.796798371425721794e+06,-3.512034270600313903e+05,-1.373641779575870896e+05,5.079074004669154419e+03,-5.351751210541547152e+03,9.197198122674021761e+02,3.275694859078987520e+01,3.128045316938870997e+02,-1.190648300742639913e+04,2.855977223298420995e+03,6.786774123632187184e+03,8.384687121013212163e+03,9.886585625349765905e+03,1.094894779427248614e+04,1.157721388513705097e+04,1.227951331606552412e+04,1.250869156731567637e+04,-4.192295637840634299e+04,-2.579178425557799346e+05,4.250047472991647373e+04,-5.305030163485814410e+04,1.700335925854114248e+04,-1.602638310865261155e+04,-9.885594511616181990e+02,-6.652430949935314857e+03,-3.662764689421041112e+03,-3.344165170946707804e+03
8.926377043975947890e+05,3.210517503040455631e+04,-1.078349650831789404e+03,1.067519312918049254e+05,-6.262416919250636129e+05,-1.000972411757242808e+05,-1.376958965139009888e+04,-1.008465388977597177e+05,-4.798905957398132159e+03,-1.389577728924784606e+04,2.854515036417618976e+05,-2.861769350193802384e+05,-3.747817773937588790e+05,3.727916706574432465e+04,1.667630651796134771e+02,6.873044749448695256e+01,-3.331938350383893521e+00,7.519791206427406394e-01,-2.100660958607122042e-01,1.062634714615443772e+04,-1.168075233295709040e+03,-2.748197603070413228e+06,-1.068761912304845080e+07,3.552017601972903311e+07,-1.426431385995341837e+07,-6.433168429688542150e+06,-4.710110095742576523e+05,-1.246740149102320574e+05,2.380088077578668617e+03,-1.686692320579291163e+03,1.931140553513540681e+02,6.999255098197619418e+01,7.719001515444396091e+02,-2.177623692486769869e+03,4.046908555434351001e+03,4.280233517068372748e+03,3.896753292038086329e+03,4.112582708106370774e+03,4.145713588506813721e+03,3.776749209991457974e+03,2.713089861822365492e+03,1.354349775525191490e+03,7.854863314181826354e+03,-2.676035202500205487e+05,-1.717844019524827672e+04,-7.563833096125898010e+04,1.795406140157927439e+03,-2.354391635098818369e+04,-6.995742544584362804e+03,-1.296989983184150697e+04,-5.857733925289133367e+03
4.749896266047762474e+05,-2.127353939632750553e+04,1.034579201181656208e+04,7.678417406355147250e+04,-2.941037434147879248e+05,-6.599441269108066626e+04,-1.096508201287082920e+04,-6.535600999978781329e+04,-4.590224382277466248e+03,3.049788596948746999e+01,-2.476302246920699690e+04,4.250003911342778010e+05,-1.849121470306176052e+05,-4.278285791456578299e+05,3.357352874637901550e+04,1.446699108513912506e+02,3.463802064800859171e+01,-1.192308339731601663e+00,2.330419335853302354e-01,7.413945811595917803e+03,-7.537735589631214452e+02,-3.629523870229804015e+04,-4.796667005781838670e+06,-1.426425959507077932e+07,4.161200814013331383e+07,-1.553471405235203356e+07,-6.045846355281948112e+06,-4.248535291037115967e+05,-6.721131916520024242e+04,1.659613326962037945e+03,-1.226773160936592433e+01,-6.018072409082913055e+01,6.505988834960288614e+01,1.007528639798372865e+03,-4.114284485324247726e+03,2.873719750265300718e+03,4.217794132647745755e+03,4.759893042752672955e+03,5.646295812546558409e+03,5.998211103721214386e+03,6.266653848272273535e+03,-2.986424881547941823e+03,1.397312620346493532e+04,-1.266688648065405505e+04,-2.908141212649581721e+05,6.996075751547527034e+03,-5.525266692458820762e+04,9.197082766280080250e+03,-1.378928317959023661e+04,-4.089726280328593930e+03,-4.573360135382508815e+03
-4.091988033942881884e+03,-4.221431312733219238e+04,1.396229605752093266e+04,2.005585970574764360e+04,7.045742093858172302e+04,-1.268911655052252172e+04,-3.782760562070854121e+03,-1.046579774513726261e+04,-3.221619240633302979e+03,-6.739806222564857308e+01,-8.224345334416102560e+01,-4.054329991801021242e+04,4.743441050441896659e+05,-6.698353389943602087e+04,-3.665453160640239948e+05,1.873399617708585720e+04,7.753711969507435242e+01,1.025466080361216115e+01,-3.119072331262168762e-01,7.319665126645954842e+03,-5.471516209639330555e+02,-1.041555781280431984e+05,-3.510293600762156420e+05,-6.433071463465959765e+06,-1.553467135101209767e+07,4.054498000518292189e+07,-1.331961788614000753e+07,-4.396958406022601761e+06,-2.043150824320359388e+05,-1.790378270729493670e+04,2.930643537895116424e+02,1.056749596429079752e+01,9.759517214627713599e+00,7.833456683820421063e+01,6.285799451699048177e+02,-2.647354692809160952e+03,3.406279671788928681e+03,3.894084486136531723e+03,4.429783267815418185e+03,5.245685776103188800e+03,5.434361034951364672e+03,4.041801934433386805e+02,-1.406452124360629568e+03,4.188885461595720699e+03,-3.312777598374044828e+03,-2.548418953132469032e+05,-3.301214406587880603e+03,-5.378619148669464630e+04,4.399862018372979946e+03,-8.662590974046712290e+03,-4.903687454050515953e+03
-2.017122791106897057e+05,-6.426122379057262879e+04,1.251185845926236652e+04,-1.336790689066503728e+04,2.110137824897256796e+05,1.547706427744460598e+04,8.204171851535134010e+02,1.886599840397834123e+04,-1.737979088301726279e+03,1.313791305236418339e+01,-6.162656074881306267e+01,-1.245800514963048045e+02,-3.665197698661305913e+04,3.996320656222722027e+05,-7.764533307632063043e+03,-2.644794240283621475e+05,6.927067978010630213e+03,1.566971618623378859e+01,1.692419633730337880e+00,6.378693165908935953e+03,-3.467622187075194233e+02,1.630941925085379444e+04,-1.371529313399323728e+05,-4.708768637178416830e+05,-6.045766474308179691e+06,-1.331958070650616847e+07,3.302773155238635093e+07,-1.077885589208390750e+07,-2.178449451724890154e+06,-4.045691010342868685e+04,-1.045909005884246653e+03,-5.482786972241544099e+00,-4.124114144952621075e+00,-1.186457341324144821e+01,6.348964087880473528e+01,5.448512284712248857e+02,-2.746460319333904408e+03,3.629269035523340335e+03,4.092165686931669825e+03,5.280988602582756357e+03,6.376491685036346098e+03,-2.426344359780254649e+02,7.348245836822267165e+02,-1.753043623857425700e+03,5.428074010700503095e+03,-5.241367510979072904e+03,-2.142508022903812234e+05,7.861810423196061492e+01,-4.327813331086014659e+04,1.084540380092776331e+03,-5.673624818731696905e+03
-3.879127797074714326e+05,-1.340921502759751456e+04,4.140967129688988280e+03,-4.872102105641964590e+04,3.354980635851513362e+05,4.298500284269030089e+04,6.007033860042057313e+03,4.896431576405373198e+04,3.894109745835280592e+02,-5.234565902720021313e+00,3.762397560320550838e+00,-7.736394084289622697e+01,-1.912539538124128740e+02,-2.070558227545431873e+04,2.846619378921262687e+05,4.202845164578959520e+04,-1.411049765301692823e+05,8.328717923381311721e+02,1.687503795988391175e+00,5.500071226855978239e+03,-1.552797745912913285e+02,-7.198028721577556098e+03,5.323961070124225444e+03,-1.245062286060185870e+05,-4.247400076821356779e+05,-4.396887585940966383e+06,-1.077882225163611956e+07,2.290533852571486682e+07,-6.600551869982123375e+06,-5.921968544450774789e+05,-1.702601625430014110e+03,1.583874569569318824e+00,1.358194364921098352e+00,3.276526046349979460e+00,-7.272883656082935744e-01,3.011247970100357207e+01,3.444266642318279992e+02,-2.293637883520841115e+03,4.132375912243766834e+03,4.721158560079325071e+03,6.681226896115461386e+03,5.892900301493604331e+01,-1.879652256114634383e+02,3.598619664478248410e+02,-9.394305033457810623e+02,2.180340019125984327e+03,-3.009740951291926649e+03,-1.601386584183917730e+05,1.681750492540160394e+03,-2.886670057928286769e+04,-2.688283136332257982e+03
-3.332683896464040154e+05,-6.709054178251168196e+03,-3.377180799436162488e+03,-5.068296587874890247e+04,2.768152656296564383e+05,4.165674496472175815e+04,6.793282623413825604e+03,4.755772400719972211e+04,1.399520439867282903e+03,1.388306729298193432e+00,-2.677870355283062054e+00,3.593196090980768531e+00,-4.694794148504433906e+01,-1.094563991565810284e+02,-7.701275200686428434e+03,1.515722768953524355e+05,3.872661894989053690e+04,-4.664905141829963395e+04,7.534631212589859217e+01,4.806870207204667167e+03,2.266875143487837363e+01,2.410208938059734919e+03,-5.073707901402677635e+03,2.581030625478843831e+03,-6.706464149993879255e+04,-2.042111061067151313e+05,-2.178382655033407267e+06,-6.600518713738434948e+06,1.168225940595425293e+07,-2.621939083316874690e+06,-5.092663415326167888e+04,-3.152737015408117460e-01,-2.090390296890425326e-01,-7.996632483490559995e-01,4.570727698778433989e-01,-2.525221725628895797e+00,1.455549790064703686e+01,2.138100196324982107e+02,-1.835797263704743045e+03,5.442043933216586993e+03,8.030284419592469021e+03,-1.556486620831498335e+01,5.139314832446991943e+01,-1.179105316066477513e+02,2.344637945609835299e+02,-6.258735467292066232e+02,1.452023467598943171e+03,-2.152124879140352732e+03,-8.595329693397750088e+04,4.301963307386519773e+03,-1.353298836733375538e+04
-1.031562801067148102e+05,6.007122830111467920e+03,-8.563336261545277921e+02,-1.818848778714889340e+04,9.750952637460140977e+04,1.228164780277488171e+04,2.000887028129505779e+03,1.808847424367980420e+04,3.435786384088692103e+02,5.509944784874392099e-01,5.340710737461478175e-01,-1.095530780911062152e+00,1.811987757494989637e+00,-1.300974461425062145e+01,-1.901800359372418825e+01,-8.841867405696198148e+02,5.078365672370942048e+04,1.192119479416675404e+03,-7.844042384941828459e+03,3.400593203953629200e+03,2.363695585838260058e+02,1.666038817396569129e+02,1.235089711886599844e+03,-1.448423182196420612e+03,1.843617582705532641e+03,-1.776247979149185994e+04,-4.035278682146256324e+04,-5.921263716109094676e+05,-2.621901756726393476e+06,3.734456729150786996e+06,-4.820102657252720091e+05,3.621166213228571573e-01,4.442675561490807556e-01,5.227487029419894959e-01,3.426097571793187413e-01,7.587388129281551485e-01,-2.978907630914977567e-01,3.547586594544227978e+00,9.304977732729142303e+01,-1.159958867707149693e+03,1.236014548997771635e+04,5.674621877975165596e+00,-8.860774986167008649e+00,1.656483813937468241e+01,-3.570522040068975400e+01,7.639570699488494654e+01,-2.177918170097920552e+02,4.927040842400485872e+02,-1.342334672192267135e+03,-2.905904098906189756e+04,1.110053438033251223e+04
3.072099190911848564e+04,-1.866155259845294131e+04,4.697923878503635024e+03,6.463927704169491335e+03,-1.345200260409201655e+04,-4.076596654060385845e+03,-9.113075594477921868e+02,-3.508764369580070252e+03,-6.311922188593725878e+02,-4.467818089513571067e-01,-1.296922158476476739e-01,-1.045044867994917581e-01,-2.077146771471163333e-01,4.466139549981917867e-02,-9.213398513666959389e-01,-6.507586656418169468e-01,-3.290653500259122666e+01,9.896930821210858994e+03,-1.593258209673168130e+04,7.606088144473783359e+02,7.584216446560610336e+01,9.712296200002705291e+02,4.130056037156887214e+02,4.962619492386457978e+02,2.366152796388261663e+02,4.992460250972833364e+02,-8.769069684136964042e+02,-1.567240035757269425e+03,-5.082442880727481679e+04,-4.819453869697672781e+05,5.425970414835296106e+05,-2.145775822633569918e-01,-2.776816725276685105e-01,-2.790448079387928271e-01,-2.727547659296476468e-01,-2.897448910137501166e-01,-2.554111685169209167e-01,-3.656939150086264689e-01,6.388389214254219794e-02,1.530961499085128708e+01,8.350233744025910028e+02,-2.441473720847118223e+00,1.354921498931886958e+00,-9.699329889275816186e-01,1.407112667820101137e+00,-3.096900111657031829e+00,7.351477691111597323e+00,-2.382623159701529403e+01,5.165171120404962579e+01,-6.142840606382251281e+02,-2.858059415371327532e+02
6.796993158770783339e+02,7.053092664707492077e+00,-2.708714922016156379e+00,-1.543860942376409184e+01,2.607928008657272585e+02,-5.123335994333757526e+00,-6.371229208489164186e-01,1.220575146709785486e+01,-2.843794139389380504e+01,-1.111446180573091169e+02,-4.184210779404679670e+01,-2.452697236763441424e-01,5.634704908564458492e-02,9.861944952890056015e-03,1.256747839510730103e-02,4.644068770387033140e-03,3.703789623380471241e-03,2.133620497439231434e-03,8.351415446226562915e-04,3.344015431475195328e+02,-5.160935679534135545e+01,9.850587858704991504e+02,3.128045316917814489e+02,6.999255098042834788e+01,-6.018072408979898569e+01,1.056749596598159258e+01,-5.482786971237828766e+00,1.583874569807633748e+00,-3.152737016060065400e-01,3.621166216297559970e-01,-2.145775822413728551e-01,6.124577905237852974e+03,5.923643224936735351e+03,5.928985076301304616e+03,5.930938245472440940e+03,5.932132665426571293e+03,5.933168763227691670e+03,5.934019070602271313e+03,5.934765383836728688e+03,5.935576235896454818e+03,5.936519283171441202e+03,6.226132315721406485e+02,7.359165707755988706e+01,6.761518882783735762e+01,2.053384337115221570e+01,2.528903735573436506e+01,1.419370318469904646e+01,1.276741319977270450e+01,9.783946336596329729e+00,6.976342301614607777e+00,3.093080263411515318e+00
4.328433765652896909e+03,-9.972089738156546446e+01,3.067934635353367412e+01,1.118609900534100916e+02,4.340045661599297091e+02,-2.490421306692340409e+02,-2.018329887113852550e+01,-1.958360411085385522e+01,-8.848291988836689370e+01,-8.172906162199128630e+02,-4.191496377246435259e+02,-1.660717650952561542e+01,-1.135030580569690528e+00,9.440530562924820401e-03,1.513889285494762760e-02,6.438486300976098420e-03,4.817900103662120515e-03,2.844816374633241107e-03,1.098463325554059665e-03,8.080494298913469038e+02,-9.983921598361824579e+01,4.744266283876118905e+03,-1.190648300742622087e+04,7.719001515442503205e+02,6.505988834939017806e+01,9.759517214436385757e+00,-4.124114145077513172e+00,1.358194364908229090e+00,-2.090390296790047842e-01,4.442675561118640815e-01,-2.776816725301747835e-01,5.923643224936722618e+03,7.807866389897956651e+03,5.886383075778944658e+03,5.890540118244457517e+03,5.891053916609967018e+03,5.891258712507297787e+03,5.891535902724524931e+03,5.891748251150388569e+03,5.892014723841856721e+03,5.892395015685909129e+03,-2.587408254874598015e+02,1.204240794895420368e+04,1.440016313721291681e+02,1.108281749141366390e+01,5.391387182168557501e+00,5.056989625411745237e+00,4.250740178859871321e+00,1.733011791394829970e+00,8.847564869995494519e-02,-2.278702368738123596e-01
7.351660231964644481e+03,-1.131157880235296034e+02,3.560407179947492295e+01,1.350455799435744666e+02,4.474567055706002066e+02,-5.312775556274051496e+02,-4.424576514266320260e+01,-2.357864487946460486e+01,-1.011179861617899860e+02,-1.882664654755907122e+03,-3.922328559583043983e+01,-3.091856046170831860e+02,-2.849282126029709161e+01,-6.659142498700720836e-01,1.036163958547753339e-02,5.612859613772780421e-03,5.075402886556723558e-03,2.816275675083135255e-03,1.102121530946378620e-03,8.359098652335678707e+02,-8.868624180377742050e+01,-1.791502431325767247e+03,2.855977223298600165e+03,-2.177623692487138214e+03,1.007528639798329323e+03,7.833456683865284731e+01,-1.186457341290720535e+01,3.276526046319673924e+00,-7.996632483536529890e-01,5.227487030045576688e-01,-2.790448079325285047e-01,5.928985076301240042e+03,5.886383075778961029e+03,9.212952428415566828e+03,5.853431972266698722e+03,5.854915591864853923e+03,5.852786793908419895e+03,5.851242226179400859e+03,5.850029608643721986e+03,5.848467966555625935e+03,5.846580648965301407e+03,-2.100746137204544652e+02,-6.920492779921265765e+02,1.105274602414340370e+04,4.471512161522838369e+01,-1.837696926801490349e+01,-3.479285020371031578e+01,-1.972409377213352855e+01,-2.108733637674363592e+01,-1.139660157204841084e+01,-8.202209517583852971e+00
1.055249025759728283e+04,-1.313522606620044826e+02,4.085261731363851823e+01,1.509070368145787597e+02,4.810639345860636240e+02,-8.798309139169680293e+02,-7.934995503947143902e+01,-2.671200791898115767e+01,-1.144826275497123333e+02,-2.574851734529378518e+03,-3.547489362527752519e+02,-5.616702829777698014e+01,-3.177765405373170324e+02,-1.552786497687940681e+01,-6.488682282043534144e-01,4.526575219141015793e-03,4.621975837997061021e-03,2.924276694568322954e-03,1.103064402207417933e-03,8.681167503897822826e+02,-7.666882076713132221e+01,-5.404054280477704197e+03,6.786774123632163537e+03,4.046908555434518348e+03,-4.114284485324553316e+03,6.285799451692898856e+02,6.348964087914930587e+01,-7.272883655362321065e-01,4.570727699064569549e-01,3.426097571557562560e-01,-2.727547659302233529e-01,5.930938245472390008e+03,5.890540118244456607e+03,5.853431972266686898e+03,1.068634162777746496e+04,5.820109450897538409e+03,5.818524768714113634e+03,5.814025421901133996e+03,5.810256290259937487e+03,5.805650411620576961e+03,5.800331559039546846e+03,-2.033487392086499312e+02,-6.470681991234430370e+02,-5.966443539096341055e+02,1.415480582257297465e+04,3.027220445460216069e+00,-6.588103343750988472e+01,-6.595840182002407914e+01,-4.958411031459011298e+01,-3.500453229734412020e+01,-1.995006178637907723e+01
1.405621121521370333e+04,-1.408616776791672578e+02,4.380482470030341347e+01,1.607703709422571592e+02,5.083195394876565842e+02,-1.311773552198766311e+03,-1.282814272165470584e+02,-2.820877927903325144e+01,-1.238112953138551262e+02,-3.121180008722139974e+03,-6.744947053279117881e+02,-3.803237202854988936e+02,-2.541011005240897802e+01,-2.774355914162840691e+02,-1.367714635162866443e+01,-2.337521794751018511e-01,5.284446958699007268e-03,2.778482550453792443e-03,1.131653463596282282e-03,8.865084313659394866e+02,-6.558421162671707805e+01,-7.577034184043163805e+03,8.384687121013554133e+03,4.280233517067636058e+03,2.873719750265749099e+03,-2.647354692808843083e+03,5.448512284709922824e+02,3.011247970112655992e+01,-2.525221725607988077e+00,7.587388129453040975e-01,-2.897448910115745790e-01,5.932132665426695894e+03,5.891053916609954285e+03,5.854915591864875751e+03,5.820109450897531133e+03,1.229129479064848420e+04,5.783248712248239826e+03,5.778994768831906185e+03,5.770929263219689346e+03,5.763829443299574450e+03,5.752469378672637504e+03,-2.074980351958822666e+02,-6.559051165072203275e+02,-5.661575516198560081e+02,-6.507605047983117856e+02,1.541803219814564545e+04,-5.675982521942846404e+01,-1.004730491156492178e+02,-9.212743955920421968e+01,-6.725527526196307804e+01,-3.598879543533860215e+01
1.810610520947194163e+04,-1.500521311911897442e+02,4.653708628970051109e+01,1.679037629007470969e+02,5.431327688739766018e+02,-1.868791629356105204e+03,-1.981947728680618184e+02,-2.810890016859411844e+01,-1.302551047924156933e+02,-3.597598634383304670e+03,-9.973217463957823838e+02,-7.083505843743807873e+02,-2.673078519038433569e+02,-3.527362740489894577e+01,-2.520551525953129044e+02,-7.988186924121151833e+00,-1.002174283952836920e-01,3.357635796313124255e-03,1.111474032051326319e-03,8.903866405767757897e+02,-5.388867486623230008e+01,-9.497095641705673188e+03,9.886585625349231123e+03,3.896753292037918982e+03,4.217794132647559309e+03,3.406279671788415271e+03,-2.746460319333591087e+03,3.444266642322201619e+02,1.455549790067973959e+01,-2.978907630783114158e-01,-2.554111685164450751e-01,5.933168763227565250e+03,5.891258712507307791e+03,5.852786793908397158e+03,5.818524768714112724e+03,5.783248712248236188e+03,1.416577607753332450e+04,5.739566391815537827e+03,5.730214287771695126e+03,5.717688401585602151e+03,5.698752250745087622e+03,-2.117909988684373275e+02,-6.836535347988221929e+02,-5.914434246879535522e+02,-6.306528384833886776e+02,-6.537471174055240226e+02,1.743668329898147567e+04,-1.073861311440606414e+02,-1.422468060653852717e+02,-1.053729746684666964e+02,-5.835425605911198943e+01
2.296188560626505932e+04,-1.566505785080727264e+02,4.841948765148146094e+01,1.717848676272178636e+02,5.792836628626173479e+02,-2.600034063506709117e+03,-2.986846314699558889e+02,-2.689754003690791251e+01,-1.380043999289462135e+02,-4.028795619888936017e+03,-1.319064920629251446e+03,-1.058323617504808226e+03,-5.556271573867456937e+02,-2.980466294183856917e+02,-4.542753430623243105e+01,-2.252370122792702887e+02,-4.682602777268682459e+00,-8.718503005998523570e-03,1.259440688884332299e-03,9.092954206197213125e+02,-4.356380174292414154e+01,-1.146980634679370269e+04,1.094894779427267713e+04,4.112582708106141581e+03,4.759893042752839392e+03,3.894084486136602663e+03,3.629269035523454022e+03,-2.293637883520734704e+03,2.138100196324690501e+02,3.547586594530123705e+00,-3.656939150096257807e-01,5.934019070602197644e+03,5.891535902724531297e+03,5.851242226179397221e+03,5.814025421901133086e+03,5.778994768831910733e+03,5.739566391815529641e+03,1.643040957912647718e+04,5.687210997014471104e+03,5.668263873529390366e+03,5.639166421231998356e+03,-2.127937309471410288e+02,-7.027728781919936409e+02,-6.330061712730530417e+02,-6.681604755205204356e+02,-6.446730264360526235e+02,-6.759568881071348869e+02,1.914685946014067667e+04,-1.696362679272144192e+02,-1.597639864663043738e+02,-8.933888134393669134e+01
2.911777083805837174e+04,-1.643768420682135911e+02,5.025693390932156035e+01,1.736959790393721050e+02,6.264662162188142247e+02,-3.635889445058840465e+03,-4.539627725194171717e+02,-2.357765889124675596e+01,-1.329040119659137247e+02,-4.446956541630273023e+03,-1.658518547278673623e+03,-1.451195962176333296e+03,-9.077252320796226286e+02,-6.357900517920135144e+02,-3.530924066852813326e+02,-8.261437551308355864e+01,-1.695748995169689124e+02,-2.006105900673837539e+00,6.017289252063561314e-04,8.576106772262903633e+02,-3.248011097191363916e+01,-1.345711431186927439e+04,1.157721388513690181e+04,4.145713588506804626e+03,5.646295812546541129e+03,4.429783267815475483e+03,4.092165686931480195e+03,4.132375912243996936e+03,-1.835797263704838997e+03,9.304977732714968397e+01,6.388389214377905578e-02,5.934765383836512228e+03,5.891748251150395845e+03,5.850029608643712891e+03,5.810256290259936577e+03,5.770929263219662062e+03,5.730214287771697855e+03,5.687210997014484747e+03,1.938150065611286118e+04,5.612498447328157454e+03,5.567013605507923785e+03,-2.139614409290893207e+02,-7.182265688382443614e+02,-6.672730832289414593e+02,-7.260748485501260348e+02,-7.056317955925173919e+02,-6.865832402980316829e+02,-6.862638219709303939e+02,2.113076582944660913e+04,-2.219693429349932217e+02,-1.356944414350588204e+02
3.841508774141216418e+04,-1.667709125926912748e+02,5.088004061394258315e+01,1.702023341447802522e+02,7.019615863698127214e+02,-5.373519900146816326e+03,-7.398589327569685565e+02,-1.414617898197047907e+01,-1.123170802546571565e+02,-4.917939171498937867e+03,-2.059117618612573096e+03,-1.926168486484682717e+03,-1.379712619486854010e+03,-1.128265594250423646e+03,-8.392354247779487650e+02,-5.364470686907345680e+02,-2.164865707696325785e+02,-8.481100359120989651e+01,-4.669108276379479450e-01,7.348442084279081428e+02,-2.632523364205182403e+01,-1.567175949254650732e+04,1.227951331606540771e+04,3.776749209991547104e+03,5.998211103721188920e+03,5.245685776103334319e+03,5.280988602582667227e+03,4.721158560079207746e+03,5.442043933216743426e+03,-1.159958867707170157e+03,1.530961499083901423e+01,5.935576235896516664e+03,5.892014723841832165e+03,5.848467966555681414e+03,5.805650411620565137e+03,5.763829443299600825e+03,5.717688401585553038e+03,5.668263873529431294e+03,5.612498447328131988e+03,2.401872241644104361e+04,5.463728031359739362e+03,-2.152261158043277760e+02,-7.373640427951537504e+02,-7.068090912962186394e+02,-7.797863858031259952e+02,-7.777325403394108889e+02,-7.827628057953537564e+02,-7.519875121980850281e+02,-7.231537211079801182e+02,2.339847384208482981e+04,-2.200369739820519044e+02
6.207116371285235073e+04,-1.776160710601216124e+02,5.008702385868582496e+01,1.335320606733457680e+02,9.837048759410608909e+02,-1.049879187820142761e+04,-1.708510565100843678e+03,3.614741550561848271e+01,-2.046419690372752598e+01,-5.647580106771099054e+03,-2.737187029866947796e+03,-2.779710521176312795e+03,-2.274823148857193246e+03,-2.131671005541284103e+03,-1.972932395361993713e+03,-1.736776335426772675e+03,-1.611927322829676768e+03,-1.240555658033494183e+03,-7.311628126357369695e+01,3.028310195348628326e+02,-6.664870264230631847e+01,-1.904233241984947381e+04,1.250869156731551811e+04,2.713089861822260900e+03,6.266653848272409050e+03,5.434361034951451074e+03,6.376491685036205126e+03,6.681226896115302225e+03,8.030284419592655468e+03,1.236014548997768179e+04,8.350233744025700844e+02,5.936519283171378447e+03,5.892395015685903672e+03,5.846580648965316868e+03,5.800331559039555032e+03,5.752469378672602943e+03,5.698752250745095807e+03,5.639166421231991990e+03,5.567013605507905595e+03,5.463728031359773013e+03,3.693505183412993210e+04,-2.178249314384016486e+02,-7.582011061817247537e+02,-7.567075389213775907e+02,-8.605599184273823994e+02,-8.908573035999661442e+02,-9.277310214430847282e+02,-9.342959349389158206e+02,-9.251840102812611804e+02,-8.947836591699242490e+02,2.718850887025551128e+04
-9.872390762234314025e+03,-8.271719318767027289e+02,2.590389631593161539e+02,9.679214054121257504e+02,3.113995919286206117e+03,-8.673319648214812787e+02,-7.947323579694104012e+01,-1.835597756967551959e+02,8.590208663711880490e+02,4.224697854889363043e+03,-1.205120392256239938e+03,-1.786537079686174678e+01,1.382662539185275818e+00,-1.211518918626097729e-02,2.172387972547653590e-01,3.728902440545667218e-02,4.548501146169847686e-02,2.310114487029979458e-02,9.354370995580129494e-03,-1.294534924725009841e+04,2.271168794595581858e+03,-1.203496020988557721e+05,-4.192295637842319411e+04,1.354349775508520224e+03,-2.986424881540044225e+03,4.041801934585361096e+02,-2.426344359661637782e+02,5.892900301711762268e+01,-1.556486620866243697e+01,5.674621881110482491e+00,-2.441473720594662389e+00,6.226132315719880808e+02,-2.587408254872900670e+02,-2.100746137198404426e+02,-2.033487392079924234e+02,-2.074980351971618120e+02,-2.117909988671315205e+02,-2.127937309463691236e+02,-2.139614409268261852e+02,-2.152261158052951941e+02,-2.178249314378797408e+02,1.763715872054450156e+05,-1.540906918223416369e+03,1.355453415773471988e+03,-3.180732295624753192e+02,2.292039713658939490e+02,3.377884294771746454e+00,7.975283628476145736e+01,5.120391797892375507e+01,3.882842918681195954e+01,2.578660034664835621e+01
1.658084097200287215e+04,-8.915141388159772760e+02,2.876977585538493258e+02,1.188912554692737103e+03,-7.750025467566701991e+02,-3.142126922119373376e+03,-2.633630244014731261e+02,-3.369342939634059348e+02,9.403351013208288123e+02,-1.223535727613999370e+04,5.719422563018686560e+03,-4.853191822358730860e+02,-8.308646775388558581e+01,-1.783737157683162877e-02,-3.697606783642157779e-01,4.331233033438763869e-02,-3.586901345616766434e-02,-7.684092817638821238e-03,-4.425921461885681807e-03,-1.005598895457905201e+04,1.445675730984894926e+03,-1.084198893302944198e+05,-2.579178425557822920e+05,7.854863314180693123e+03,1.397312620346816766e+04,-1.406452124359292611e+03,7.348245836823052741e+02,-1.879652256112100872e+02,5.139314832438093816e+01,-8.860774986032975420e+00,1.354921498944849034e+00,7.359165707729050609e+01,1.204240794895426188e+04,-6.920492779921238480e+02,-6.470681991234202997e+02,-6.559051165073219636e+02,-6.836535347987637579e+02,-7.027728781920210395e+02,-7.182265688381655764e+02,-7.373640427952952905e+02,-7.582011061816848496e+02,-1.448099250098440280e+03,3.591482221820111154e+05,-2.111579511494294820e+03,1.379508915200197180e+03,-8.698979768255339877e+02,-5.037711608127406748e+01,-2.776056545325679963e+02,-1.292593301642798451e+02,-1.124712616031060151e+02,-4.242375346778590028e+01
1.390012804053304899e+04,-1.273724912522175146e+02,4.221763461464394140e+01,1.651332162987521315e+02,4.884682944708911236e+02,-3.346354364784952850e+03,-3.352217774833960675e+02,1.242927746241321074e+00,8.946574798256003760e+02,-7.241772225248607356e+03,-1.540725762877403213e+03,3.567017960384272556e+03,-8.023842029222023484e+02,-4.317562461973670906e+01,-7.610653232092090548e-02,-1.299350078930707753e-01,4.699986962107605137e-02,-2.279072249868008271e-03,2.046305732779590911e-03,-8.156685303666045002e+03,1.003144521561784245e+03,-1.543798333209822304e+05,4.250047472991386894e+04,-2.676035202500225860e+05,-1.266688648065003508e+04,4.188885461596792084e+03,-1.753043623856384102e+03,3.598619664478793538e+02,-1.179105316065846409e+02,1.656483813942573136e+01,-9.699329889242267466e-01,6.761518882716259782e+01,1.440016313722670986e+02,1.105274602414324545e+04,-5.966443539096187578e+02,-5.661575516198400919e+02,-5.914434246879393413e+02,-6.330061712730854424e+02,-6.672730832288281135e+02,-7.068090912962836683e+02,-7.567075389214586494e+02,1.476017357939723297e+03,-2.083823237449293629e+03,4.065781381059513078e+05,-2.294397613837022618e+03,1.129712774647004153e+03,-1.097061917806912788e+03,-2.787156501603171819e+02,-4.452874871078120123e+02,-1.941842163025568766e+02,-1.291425246616511799e+02
2.193783353175233788e+04,-3.413670414551227168e+02,1.032097322229108727e+02,3.571002021174208494e+02,3.092031939794360369e+02,-4.369244337193186766e+03,-4.855515430231385494e+02,-6.970959631962068670e+01,8.595567978605280359e+02,-5.595135330317611078e+03,-2.418112200001630299e+03,-3.431595078945061232e+03,3.276906385731314003e+03,-4.332237905371162014e+02,-4.292095430633224851e+01,5.497886213398572863e-02,-8.435941665333501760e-02,1.362022537889312490e-02,-1.524828651006048539e-03,-6.980068095901635388e+03,7.184402943848277800e+02,-3.094374479494657135e+04,-5.305030163485494995e+04,-1.717844019524723990e+04,-2.908141212649605586e+05,-3.312777598373257206e+03,5.428074010698765960e+03,-9.394305033462255778e+02,2.344637945609104293e+02,-3.570522040064554403e+01,1.407112667817860929e+00,2.053384337075691946e+01,1.108281749141266914e+01,4.471512161521760476e+01,1.415480582257293281e+04,-6.507605047983291797e+02,-6.306528384834139160e+02,-6.681604755204430148e+02,-7.260748485501616187e+02,-7.797863858031022346e+02,-8.605599184273429501e+02,-1.779739296439925056e+02,1.426800546995757941e+03,-2.274862256086960315e+03,4.150110796567900106e+05,-2.357999984851334830e+03,8.060632095615764001e+02,-1.169969318544201769e+03,-4.347551355614878048e+02,-4.454911552694776447e+02,-2.071253917468709460e+02
2.533569291356380927e+04,-1.241879794768517513e+02,3.986968737284269082e+01,1.441106558074325221e+02,2.485875763647200074e+02,-5.195054446141192784e+03,-6.355411422373846335e+02,5.147925613156530744e+00,8.278827776243409744e+02,-4.626020143671465121e+03,-2.365423657775801075e+03,-3.207630631679339331e+03,-1.969861106532320719e+03,2.659215590275553041e+03,-3.924931256301160829e+02,-1.626853217405184182e+01,1.624591012185696570e-01,-3.172021092642807183e-02,3.323932893428784442e-03,-6.079169346368900733e+03,5.024483699083315855e+02,-5.823672351424329099e+04,1.700335925854078232e+04,-7.563833096125858719e+04,6.996075751548807602e+03,-2.548418953132512688e+05,-5.241367510979325743e+03,2.180340019127776031e+03,-6.258735467293211059e+02,7.639570699488325545e+01,-3.096900111653111409e+00,2.528903735605076619e+01,5.391387182131699873e+00,-1.837696926798344776e+01,3.027220445448012498e+00,1.541803219814568729e+04,-6.537471174055145866e+02,-6.446730264360578531e+02,-7.056317955925595697e+02,-7.777325403393783745e+02,-8.908573035997969782e+02,3.846757536707698364e+02,-8.072338626510787662e+02,1.164620614775555623e+03,-2.342627502472776996e+03,3.923796905195998843e+05,-2.157888319064316875e+03,4.612376046901079008e+02,-1.058603451581521085e+03,-5.320871233048108024e+02,-2.948108487642411433e+02
3.010469323273563714e+04,-1.819481971471832367e+02,5.254463510562709416e+01,1.487085999784694650e+02,3.099806050768311252e+02,-6.213205301686152779e+03,-8.292142269855976338e+02,9.678164903382821649e+00,7.885499661070896309e+02,-3.757825872828393130e+03,-2.321870672750323592e+03,-2.850426092291227178e+03,-2.315009123959175668e+03,-2.425255964175571080e+03,2.311987293021796631e+03,-2.383262448444752408e+02,-7.593023295348835688e+00,9.123402789324552842e-02,-7.743427438977990886e-03,-5.301897570696395633e+03,3.201213163538333220e+02,-3.153626918743833812e+04,-1.602638310865306266e+04,1.795406140158007474e+03,-5.525266692459006299e+04,-3.301214406586717814e+03,-2.142508022903791571e+05,-3.009740951292449608e+03,1.452023467599014793e+03,-2.177918170098145367e+02,7.351477691106200751e+00,1.419370318454086188e+01,5.056989625437260827e+00,-3.479285020373986015e+01,-6.588103343754281127e+01,-5.675982521943082304e+01,1.743668329898142474e+04,-6.759568881071247688e+02,-6.865832402980383904e+02,-7.827628057953988900e+02,-9.277310214431843178e+02,1.722343347761441805e+02,2.567166627438624005e+01,-1.048769409497107972e+03,8.348203601214504488e+02,-2.144503650883039427e+03,3.466935956755517982e+05,-2.015560391980223130e+03,-4.029226789878060799e+01,-8.635459633695752473e+02,-3.845998548907909935e+02
3.376715629012524732e+04,-1.055347720882073190e+02,3.129412402482103062e+01,8.132888884354179027e+01,3.777164983084730920e+02,-7.238066336554652480e+03,-1.048082632818015327e+03,4.329765780222533067e+01,7.577870438277789162e+02,-3.113911898623965953e+03,-2.069086565502605026e+03,-2.733927309437551230e+03,-2.212402262319826605e+03,-2.316897106549625278e+03,-2.424450110562957434e+03,1.969915259915907427e+03,-1.465055915972595812e+02,-1.088520057904341254e+00,2.563053244104523606e-02,-4.680069933923426106e+03,1.612537692979014139e+02,-3.072299465405595765e+04,-9.885594511618128308e+02,-2.354391635098816187e+04,9.197082766279654606e+03,-5.378619148669499555e+04,7.861810423590941355e+01,-1.601386584183960513e+05,-2.152124879139533732e+03,4.927040842400931524e+02,-2.382623159700958837e+01,1.276741320002186875e+01,4.250740178793511959e+00,-1.972409377204685654e+01,-6.595840182003600205e+01,-1.004730491156383891e+02,-1.073861311440393109e+02,1.914685946014068031e+04,-6.862638219709017449e+02,-7.519875121980682025e+02,-9.342959349389790304e+02,2.607198479782070990e+02,-1.894463109696698950e+02,-2.183125806428505200e+02,-1.129101606777121560e+03,4.867328340787561274e+02,-2.003449830772945461e+03,2.884822993924372713e+05,-1.800450224099602337e+03,-4.822832030292770469e+02,-5.247938970739601245e+02
3.762523632211063523e+04,-9.687753521680861013e+01,2.650401433169645316e+01,5.319624790633497469e+01,3.553334519678319339e+02,-8.395918922216911596e+03,-1.316101549220651577e+03,5.915670325535757001e+01,7.142884435577046816e+02,-2.560680360853912134e+03,-1.863521101986833173e+03,-2.426393868841227686e+03,-2.188375280411989934e+03,-2.281224398574908719e+03,-2.255074324024812540e+03,-2.599494563075473252e+03,1.591964124177653503e+03,-6.458502610774630170e+01,-7.444239218803011537e-02,-4.054449508259625418e+03,1.001169882769500319e+01,-2.334442050754480442e+04,-6.652430949935368517e+03,-6.995742544584722054e+03,-1.378928317958962907e+04,4.399862018372688908e+03,-4.327813331086220569e+04,1.681750492543244036e+03,-8.595329693397828669e+04,-1.342334672192219841e+03,5.165171120406057526e+01,9.783946336300617830e+00,1.733011791424091008e+00,-2.108733637677254436e+01,-4.958411031459772289e+01,-9.212743955925874673e+01,-1.422468060653938835e+02,-1.696362679271705929e+02,2.113076582944656548e+04,-7.231537211079854615e+02,-9.251840102812285522e+02,2.441071773928835853e+02,-2.916373887464879999e+01,-3.729481698638494436e+02,-3.819511760674287757e+02,-1.021171974466059964e+03,-1.624545896472446316e+01,-1.788513976372648358e+03,2.017983973584938794e+05,-1.524139175254702423e+03,-5.556073467280140221e+02
4.102057159158278955e+04,-8.738649259333396913e+01,2.150339564942714787e+01,1.727592185602043173e+01,4.373451568543750909e+02,-9.734563029198399818e+03,-1.673592790629173123e+03,8.472480587903919513e+01,6.530672050887924343e+02,-1.966968438944222044e+03,-1.449700931099962418e+03,-2.027074836585919911e+03,-2.049402968422514277e+03,-2.188973666656959267e+03,-2.290143388113487617e+03,-2.310856892824152965e+03,-3.065526077219467425e+03,1.096253346387735292e+03,-1.249226070544117384e+01,-3.396822805484936907e+03,-1.365589853625771752e+02,-1.646074353257913390e+04,-3.662764689421063849e+03,-1.296989983184147422e+04,-4.089726280328452049e+03,-8.662590974046644988e+03,1.084540380092581472e+03,-2.886670057928296592e+04,4.301963307386438828e+03,-2.905904098906186846e+04,-6.142840606381604402e+02,6.976342301792983314e+00,8.847564865409024426e-02,-1.139660157194945000e+01,-3.500453229734352334e+01,-6.725527526192504979e+01,-1.053729746685358180e+02,-1.597639864662480704e+02,-2.219693429350305962e+02,2.339847384208484436e+04,-8.947836591699291375e+02,2.451692611802070303e+02,1.061902260352610483e+00,-1.084073264847030202e+02,-3.792496232018389151e+02,-4.812180736157552019e+02,-8.260615818617434343e+02,-4.569093827287863405e+02,-1.510701602681100439e+03,1.240057971379068476e+05,-9.762114200672486959e+02
4.398684404594706575e+04,-4.116091960996782291e+02,7.744659467924520868e+01,-5.402465009846491739e+01,8.049343028566945577e+02,-1.162320314407673141e+04,-2.340986855280206328e+03,1.485506098519026636e+02,4.417282064548700760e+02,-1.123101312452646198e+03,-9.466593609996170926e+02,-1.320459735833179593e+03,-1.390236149706483047e+03,-1.644154190918097811e+03,-1.930571786369963547e+03,-2.189615129082830208e+03,-2.798532441768496483e+03,-4.231102969336940077e+03,-7.045622851767916472e+02,-2.078385873733946937e+03,-2.613246542963798902e+02,-9.253112754436220712e+03,-3.344165170946780563e+03,-5.857733925289163381e+03,-4.573360135382421504e+03,-4.903687454050499582e+03,-5.673624818731823325e+03,-2.688283136332444883e+03,-1.353298836733349890e+04,1.110053438033249768e+04,-2.858059415372057401e+02,3.093080263639967686e+00,-2.278702369261131899e-01,-8.202209517508919134e+00,-1.995006178638744387e+01,-3.598879543534329883e+01,-5.835425605910556612e+01,-8.933888134393876612e+01,-1.356944414350772945e+02,-2.200369739820287123e+02,2.718850887025550401e+04,2.554837843217910631e+02,9.446576237729934178e+01,-2.000928286208716145e+01,-1.175275076975788409e+02,-2.205854470935667564e+02,-3.237591214012740011e+02,-4.760637247917214836e+02,-5.188134221727534623e+02,-9.528550680855599921e+02,5.874253179872358305e+04
3.144164902317360677e-01,4.938898262270391415e-02,6.732000000000000206e-01,9.660499999999999643e-01,8.312813930620481795e-01,-1.000000000000000000e+00,0.000000000000000000e+00,5.500000000000000444e-01,0.000000000000000000e+00,1.100227249253534767e+00,1.220655561573370296e+00,1.272792206135785475e+00,1.317193987231949137e+00,1.358307770720612595e+00,1.399999999999999911e+00,1.443952907819365139e+00,1.494991638772605214e+00,1.565247584249852775e+00,1.743559577416269324e+00,5.000000000000000000e-01,0.000000000000000000e+00,0.000000000000000000e+00,0.000000000000000000e+00,0.000000000000000000e+00,0.000000000000000000e+00,0.000000000000000000e+00,0.000000000000000000e+00,0.000000000000000000e+00,0.000000000000000000e+00,0.000000000000000000e+00,0.000000000000000000e+00,0.000000000000000000e+00,0.000000000000000000e+00,0.000000000000000000e+00,0.000000000000000000e+00,0.000000000000000000e+00,0.000000000000000000e+00,0.000000000000000000e+00,0.000000000000000000e+00,0.000000000000000000e+00,0.000000000000000000e+00,0.000000000000000000e+00,0.000000000000000000e+00,0.000000000000000000e+00,0.000000000000000000e+00,0.000000000000000000e+00,0.000000000000000000e+00,0.000000000000000000e+00,0.000000000000000000e+00,0.000000000000000000e+00,0.000000000000000000e+00
