1.396317124883210063e+08,4.424459334321565181e+07,-1.214170747009458952e+07,-2.277865419388877600e+07,-1.209022341281419694e+08,-1.956551789136196673e+07,-3.064946637086310890e+06,-1.867780491182770953e+07,-9.723244189828651724e+05,-6.528682534504027106e+06,-6.656226623252471909e+06,-6.420464494809989817e+06,-6.167641847449246794e+06,-5.962556516357915476e+06,-5.736793837827836163e+06,-5.520782179470407777e+06,-5.097020959652927704e+06,-4.183611643712745514e+06,-1.532696016825972358e+06,8.709519652810196567e+04,-6.214897900900495188e+03,2.605214143185963854e+07,3.261263280461127684e+07,2.343397104954927787e+07,1.431975225942049362e+07,3.808643509241052903e+06,-5.453110476526648563e+04,-5.053856104408801533e+06,-4.569543306283634156e+06,4.715775130756798317e+05,1.267968251145160291e+06,1.957225629052118393e+03,1.703871906737609243e+04,3.145760606042400104e+04,4.658212050737050595e+04,6.310971409918001154e+04,8.199379755033070978e+04,1.041936529716140794e+05,1.317323915929431969e+05,1.719957943230075471e+05,2.670322267305703717e+05,-2.319515828713441078e+04,1.035951159634771611e+05,9.279053863651884603e+04,1.237085547053760383e+05,1.371461752915863472e+05,1.527992758484351216e+05,1.634190166469778342e+05,1.746977520323672798e+05,1.804291593326232396e+05,1.664893378786917892e+05
4.424459334321562946e+07,1.719901727558999509e+07,-4.698258653761383146e+06,-9.256033527796732262e+06,-4.006959607623098046e+07,-6.482028752397858538e+06,-1.024719567680391483e+06,-6.223179605537209660e+06,-3.248641174228125019e+05,-2.110120098699144553e+06,-2.220512446521716658e+06,-2.100057001175537240e+06,-1.990340850576702273e+06,-1.911190369502444984e+06,-1.836868970201421296e+06,-1.784040118656853214e+06,-1.680672207382280612e+06,-1.426029908398355590e+06,-5.311678141530279536e+05,-2.283845115036499465e+03,1.771130246624346967e+02,8.502513065528437495e+06,9.684158895027302206e+06,6.691352392861613072e+06,4.020770690014669672e+06,1.132992123801045120e+06,2.298142242136987334e+05,-1.215620512998251943e+06,-1.150558684217227157e+06,3.335482580213907640e+05,5.114697990427868208e+05,-5.597830047391494901e+01,-7.614392224823936886e+02,-1.157050828117590527e+03,-1.637590375578506610e+03,-2.168347047364979062e+03,-2.818521799321971685e+03,-3.634499669435031592e+03,-4.730051967748237075e+03,-6.511704298972447759e+03,-1.224518181782643114e+04,-5.569808545593484723e+02,-4.574025633841009039e+03,-2.500373646789668783e+03,-4.837914402244002304e+03,-5.006422870139012957e+03,-6.175444248710075954e+03,-7.008713503296396993e+03,-7.895982484435899096e+03,-9.079725266684405142e+03,-1.363559125873568155e+04
-1.214170747009458765e+07,-4.698258653761383146e+06,1.296355090659221867e+06,2.626997272163866088e+06,1.097646956917855889e+07,1.771177240363368299e+06,2.774573805109554669e+05,1.682606805277092615e+06,8.594018152611197729e+04,6.465671869159986963e+05,6.456589717438317603e+05,5.943072079355646856e+05,5.524635860182103934e+05,5.223790272238434991e+05,4.952593344426200492e+05,4.745924445584381465e+05,4.408333981705032056e+05,3.675813345472224173e+05,1.313472953457059339e+05,5.997609505200542799e+02,-4.528805239859077858e+01,-2.559661823945268057e+06,-2.702388103487658780e+06,-1.790591924123171251e+06,-1.031072369436345180e+06,-2.502247512051393278e+05,-2.208341469224970569e+04,3.456562547531768214e+05,3.046209747487065615e+05,-8.942362319474751712e+04,-1.297175893777952006e+05,1.333623256274900726e+01,2.506539991821823889e+02,3.748409625266785383e+02,5.212340404945107366e+02,6.807231672922680445e+02,8.727650206326079569e+02,1.110184704933677722e+03,1.424967009341146195e+03,1.928749129629512026e+03,3.499176939798684998e+03,3.270343527944465905e+02,1.679190963199862153e+03,8.097399124216078690e+02,1.538438533068243942e+03,1.531560835715131361e+03,1.849101668759900349e+03,2.057045491294810745e+03,2.278853286990639390e+03,2.568237048667570434e+03,3.663393867612881422e+03
-2.277865419388877600e+07,-9.256033527796732262e+06,2.626997272163865622e+06,6.227679763646266423e+06,2.045203745960262790e+07,3.243714053703374695e+06,4.722770965041589225e+05,2.824206231100240257e+06,1.170917785074133717e+05,2.117991770997584797e+06,1.748546771583649796e+06,1.400557836094776168e+06,1.148642283931551268e+06,9.629817160808420740e+05,8.074730142658295808e+05,6.773810967053120257e+05,5.362484992003098596e+05,3.528182997593726614e+05,5.198223004768716783e+04,7.925037377316210723e+02,-5.321069611380373487e+01,-7.833834679622893222e+06,-5.954014136961372569e+06,-2.821524153188155498e+06,-8.927941145902018761e+05,4.411475330964929308e+05,5.208447272817483172e+05,7.761283133934021462e+05,4.184148019283850444e+05,-1.321077489516349451e+05,-9.482548269189622079e+04,6.225457723120285891e+00,9.963178481051210156e+02,1.424257302425689886e+03,1.892926466466594320e+03,2.378617141351132432e+03,2.925971815087970754e+03,3.562390680264522416e+03,4.356672818835923863e+03,5.515976984650554186e+03,8.426243428591858901e+03,2.657841641315842026e+03,8.287074337442545584e+03,3.093434423414262710e+03,5.663545155361458455e+03,4.990620785491869356e+03,5.591907452145956086e+03,5.707996826603159207e+03,5.846223611655332206e+03,5.886170407749827064e+03,5.869639352443512507e+03
-1.209022341281419694e+08,-4.006959607623099536e+07,1.097646956917855516e+07,2.045203745960262418e+07,1.071467738250588179e+08,1.714446204096495733e+07,2.713469338832085487e+06,1.671152171321158484e+07,8.724517709955519531e+05,4.960415561085465364e+06,5.553688653833853081e+06,5.492825093463606201e+06,5.364526749160439707e+06,5.244789254877610132e+06,5.096764747880079783e+06,4.955908009315409698e+06,4.627301959244189784e+06,3.858156237893829588e+06,1.448402197744995356e+06,7.351691048265881363e+03,-5.726715917599883596e+02,-2.217621202674619481e+07,-2.748191950177559629e+07,-2.027511258427170664e+07,-1.254849518576923385e+07,-3.491199889473484363e+06,-1.204496238906716026e+05,4.330327004875145853e+06,4.026019271785646677e+06,-4.751441569947208627e+05,-1.222853218095801771e+06,4.926551162208652386e+02,1.490911810866660744e+03,2.266581528793125926e+03,3.285717807438971704e+03,4.427034151554646087e+03,5.869052810152108577e+03,7.703200198016409558e+03,1.019843361293932321e+04,1.438149364482955389e+04,2.849825183448086682e+04,-1.436859981386482104e+03,1.320938704900454468e+03,4.739991045676171780e+03,8.516543360113177187e+03,1.022215227091380439e+04,1.314310165590966426e+04,1.568504143310471045e+04,1.808233422165426600e+04,2.153941720483714016e+04,3.368430172942814534e+04
-1.956551789136196673e+07,-6.482028752397859469e+06,1.771177240363368299e+06,3.243714053703375161e+06,1.714446204096495360e+07,2.832106738729588222e+06,4.555076286597615108e+05,2.741644272197581828e+06,1.494881153757523571e+05,7.390017146937130019e+05,8.067644575875931187e+05,8.182617703483141959e+05,8.202641034657715354e+05,8.260953799911134411e+05,8.306264808061348740e+05,8.368273160508344881e+05,8.101837133539881324e+05,7.074517402664396213e+05,2.874013503333088593e+05,5.080762513786340605e+03,-2.885383511665745573e+02,-2.767160847207145765e+06,-3.894262951477107592e+06,-3.111495771772657521e+06,-2.146883036152421962e+06,-8.166983176144392928e+05,-2.446828801699841279e+05,5.414378089141799137e+05,6.108151105972188525e+05,-1.252584966089004010e+05,-2.421745431085308373e+05,8.850782451952012764e+01,-8.179024846166673797e+02,-2.197981285727350041e+03,-3.940466556384745218e+03,-6.094671476767466629e+03,-8.833772745033445972e+03,-1.233076015877200916e+04,-1.713263536315983947e+04,-2.484058327468013886e+04,-4.545929038782817224e+04,-3.998610506993014496e+03,-1.608051514768328707e+04,-1.971563396384093357e+04,-2.427359728869948594e+04,-2.821242702984432617e+04,-3.215098277661282918e+04,-3.578471367661658587e+04,-3.952606155652026064e+04,-4.296807629656255449e+04,-4.379052518979804154e+04
-3.064946637086310424e+06,-1.024719567680391017e+06,2.774573805109554669e+05,4.722770965041591553e+05,2.713469338832085021e+06,4.555076286597613944e+05,7.583633362701276201e+04,4.547100243838516762e+05,2.681135317609913182e+04,6.936305187112264684e+04,9.570534902690419403e+04,1.083522822689270106e+05,1.175135511379333911e+05,1.262597819205741689e+05,1.345285134086963953e+05,1.432381387329341378e+05,1.468334684750250599e+05,1.372848923577087699e+05,6.293750948828177934e+04,8.162373907576970851e+02,-2.592865738004144305e+01,-2.685557257868594606e+05,-5.085140946250197012e+05,-4.679801004718500189e+05,-3.706653050748209353e+05,-1.845770065365398477e+05,-8.809471268545105704e+04,5.551473005225299858e+04,9.165740170258650323e+04,-3.010465189778834974e+04,-5.286168671796804847e+04,7.577352178887233336e+00,-6.207480143161343022e+01,-1.799276320906059823e+02,-3.571085537968450012e+02,-6.038778122392153591e+02,-9.500557511437767744e+02,-1.432358437728420768e+03,-2.152665850142462205e+03,-3.416542963599030827e+03,-7.259080928944887091e+03,-3.642688658635480579e+02,-1.371328934151442809e+03,-1.999341539148495713e+03,-2.750724324443535806e+03,-3.493237640355713665e+03,-4.320296541589492335e+03,-5.183250671316297485e+03,-6.163127718035034377e+03,-7.308641780469286459e+03,-8.598617754477776543e+03
-1.867780491182771698e+07,-6.223179605537209660e+06,1.682606805277092149e+06,2.824206231100240722e+06,1.671152171321158111e+07,2.741644272197580896e+06,4.547100243838517927e+05,2.785269186641404871e+06,1.617709536324088112e+05,3.588015425433297642e+05,5.707754562789613847e+05,6.740936425950228004e+05,7.449108065328701632e+05,8.020084546750843292e+05,8.465368942198362201e+05,8.869250247997677652e+05,8.904605252912496217e+05,8.048562037500807783e+05,3.418157449259628193e+05,8.376819307005133624e+02,-7.686400983509649620e+01,-1.779562108183919219e+06,-3.354074457139748149e+06,-3.128645505385278724e+06,-2.398307676238716580e+06,-1.108382573505843757e+06,-4.608107194279005053e+05,4.698272123719418305e+05,6.291376013789507560e+05,-1.404258631124652456e+05,-2.906437292976634926e+05,3.914004795892221011e+01,-1.963859248690923209e+01,3.339446565250108989e+01,1.113005109699691673e+02,2.164523916182811831e+02,3.693566418668521578e+02,5.865403148141953125e+02,9.118180823098816745e+02,1.518867405741420498e+03,3.926573178446118618e+03,-1.160888041776388491e+03,-1.151849142370541813e+03,2.122600009813689610e+02,3.513775829452015387e+02,9.208647886042213031e+02,1.371321511114239001e+03,1.939098656672608740e+03,2.486063110584061633e+03,3.289896605479090340e+03,6.159180625843766393e+03
-9.723244189828658709e+05,-3.248641174228123855e+05,8.594018152611202095e+04,1.170917785074134008e+05,8.724517709955519531e+05,1.494881153757523862e+05,2.681135317609913909e+04,1.617709536324088112e+05,1.283894772985590498e+04,2.963360692986053436e+03,9.551281377732304463e+03,1.595313155747891324e+04,2.314566545434838554e+04,3.099484487843158422e+04,3.952264846102669253e+04,4.948175051934279327e+04,5.956986454734280414e+04,6.650452855841054406e+04,4.052090705441447062e+04,-9.925087514436538186e+03,6.134555499931733493e+02,-3.063176492396481262e+04,-7.382333785133481433e+04,-1.107449495627626893e+05,-1.238431464780369279e+05,-9.638028116101166233e+04,-7.125169984988500073e+04,-1.822118679213755968e+04,1.479951676915370626e+04,-2.162783550007630765e+04,-3.482595981829823722e+04,-1.466484186877470393e+02,-4.061084452252243864e+02,-4.556261316083932229e+02,-4.861757000552783552e+02,-4.934279050592820681e+02,-4.774717618056434389e+02,-4.602969046725739872e+02,-3.767571254505359661e+02,-2.124002914877529520e+02,2.829249354162938630e+02,3.205626100141979350e+03,4.428437883891405363e+03,4.522537772874490656e+03,4.476647645918231319e+03,4.385453545326035965e+03,4.156946039991296857e+03,3.951221352143265904e+03,3.563014151415693050e+03,2.972123060268823792e+03,1.798338498505438338e+03
-6.528682534504014999e+06,-2.110120098699147347e+06,6.465671869159990456e+05,2.117991770997585263e+06,4.960415561085472815e+06,7.390017146937121870e+05,6.936305187112270505e+04,3.588015425433302298e+05,2.963360692986027061e+03,3.691353375909983180e+06,-1.455122061900175177e+05,3.249938071231751564e+03,5.300641724472887972e+01,2.330010890258003542e+01,1.665250866627765447e-01,1.575382903198512707e+00,5.010737877896507264e-01,3.387458976773594088e-01,5.519032202394366649e-02,1.275918569314015940e+02,2.374013163844056962e+01,-9.843548928151611239e+06,4.629377552907577716e+06,-3.948164093750123284e+05,-1.281920655190049547e+04,-3.136436569084199618e+03,7.938502844020436555e+01,-1.004739003199473188e+02,1.265866861172555957e+01,-1.251321812273724632e+00,-1.517058592496294489e+00,-3.344938295573049345e+02,-3.106773295388661154e+03,-7.593423188816464972e+03,-1.033716915762893768e+04,-1.250643281810570261e+04,-1.439770526388524559e+04,-1.610711072447886181e+04,-1.775513657029919341e+04,-1.962022425212201051e+04,-2.257472261029008587e+04,9.263933878069499769e+03,-5.544005178440482996e+04,-3.402561848799951258e+04,-2.374255351787011023e+04,-2.018630372637384789e+04,-1.595082817466084998e+04,-1.319978459454421318e+04,-1.086239247748922935e+04,-8.284571662652842861e+03,-4.735095956031133937e+03
-6.656226623252462596e+06,-2.220512446521718055e+06,6.456589717438312946e+05,1.748546771583649563e+06,5.553688653833847493e+06,8.067644575875927694e+05,9.570534902690426679e+04,5.707754562789602205e+05,9.551281377732309920e+03,-1.455122061900183617e+05,3.439400866272573825e+06,-2.723303382587897358e+05,7.673647432364944507e+03,1.073090372014244167e+02,2.070500920654406940e+01,2.786748883724921022e-01,5.199683511057122676e-01,9.027662706709009555e-02,1.931563568432844921e-02,-4.098967405338942626e+03,5.427448857584037114e+02,-3.870727585871904157e+06,-1.053795779612038285e+07,9.745520815004345030e+06,-8.360924721996809822e+05,-2.244692684200071017e+04,-3.470112596026435313e+03,-1.196685215145109566e+02,-5.153044967426082934e+01,3.707614849298029647e+00,-5.643692562135071977e-01,-1.153080560898948619e+02,-1.413498222897638016e+03,-3.571557212048217593e+02,-2.188263199933478973e+03,-3.749499808484473306e+03,-5.341506588104952243e+03,-6.881897190119499101e+03,-8.504103739457628762e+03,-1.040251897196259051e+04,-1.364610178201148301e+04,-3.070461829780967037e+03,1.996614741895661427e+04,-1.373823123039001985e+04,-1.574698428889012212e+04,-1.281624794035277591e+04,-1.251252457887009587e+04,-1.074080108446685153e+04,-9.542612303899622930e+03,-7.309121542716857221e+03,-4.713491308140196452e+03
-6.420464494809996337e+06,-2.100057001175536774e+06,5.943072079355645692e+05,1.400557836094776401e+06,5.492825093463608064e+06,8.182617703483141959e+05,1.083522822689270542e+05,6.740936425950230332e+05,1.595313155747891506e+04,3.249938071232004859e+03,-2.723303382587890374e+05,3.302451351154090837e+06,-3.566626432851661230e+05,1.222533572887542323e+04,1.295223419377322500e+02,1.892454691842220171e+01,1.954279154586764378e-01,2.448670248926563542e-01,1.512810242536431760e-02,-2.428644546284337139e+03,2.651175745582580134e+02,3.297636111493667122e+05,-7.889229812467015348e+06,-8.574205905565999448e+06,1.251145406179673783e+07,-1.278158828398442129e+06,-2.780718477265410183e+04,-3.821317416806080473e+03,-8.689052532261953843e+01,-1.954607158008255396e+01,-2.339230631777179381e-01,1.552303936669002571e+00,-3.072667980775714724e+01,-1.093541468554904895e+03,-2.763249931733997187e+02,-1.923640751085697730e+03,-3.419767306408339209e+03,-5.051928712429683401e+03,-6.842463425899368303e+03,-9.013163474186589156e+03,-1.293728118955852369e+04,9.854337026916158493e+01,-7.543647943759600594e+02,1.328003729062576895e+04,-1.669344648371410221e+04,-1.723920517649203248e+04,-1.344427948263554754e+04,-1.317164656201580146e+04,-1.140976738168254087e+04,-9.526290046657766652e+03,-6.149605561082757049e+03
-6.167641847449246794e+06,-1.990340850576696452e+06,5.524635860182098113e+05,1.148642283931549871e+06,5.364526749160440639e+06,8.202641034657721175e+05,1.175135511379336385e+05,7.449108065328708617e+05,2.314566545434837826e+04,5.300641724497332063e+01,7.673647432364827182e+03,-3.566626432851657155e+05,3.126607130053321365e+06,-3.669766460738081369e+05,1.080966918564953994e+04,1.170280090861244418e+02,1.034625179387949601e+01,2.548223804698310918e-02,2.628242191001801606e-02,-2.745757190334149072e+03,2.383670316098013018e+02,1.290012386314475043e+04,8.399031949318021070e+05,-1.036140493126106635e+07,-6.392358423611703329e+06,1.275412560943784937e+07,-1.181412962297312450e+06,-2.778737976599785907e+04,-2.205222407282144559e+03,-1.268682503407604756e+01,-1.405418841338210267e+00,2.415483286620608849e-01,-1.149285113129240088e+00,-9.120650170978808546e+01,-1.087394443833090463e+03,-1.315598895935947041e+02,-1.382040667748444775e+03,-2.680044652746398242e+03,-4.299225546164330808e+03,-6.424020413225568518e+03,-1.047155796521009506e+04,1.094483283177744859e+01,-8.445168977669428045e+01,-2.185092493029221714e+03,1.234343939783144378e+04,-9.724133859719298925e+03,-1.274165024852985334e+04,-1.034804168976121400e+04,-1.043426068438373659e+04,-9.461577911209020385e+03,-6.390154926041142971e+03
-5.962556516357910819e+06,-1.911190369502441026e+06,5.223790272238439065e+05,9.629817160808449844e+05,5.244789254877605475e+06,8.260953799911120441e+05,1.262597819205747655e+05,8.020084546750851441e+05,3.099484487843144962e+04,2.330010890269325330e+01,1.073090372011268698e+02,1.222533572887545597e+04,-3.669766460738085443e+05,2.861129096902934369e+06,-2.888711440984589863e+05,5.780186174013452728e+03,5.949341911787482218e+01,2.797448634607044848e+00,8.017099372029121238e-04,-2.237841927343129100e+03,1.509325970666356227e+02,3.391820632896069583e+03,3.255902934871650359e+04,1.222793293294067029e+06,-1.083697353571792133e+07,-3.861873885271478444e+06,1.024730495412461087e+07,-7.284170455253085820e+05,-1.450230701115149714e+04,-5.269124712862725346e+02,1.167689687880776733e-01,2.122031416398267173e-02,2.338965819949791886e-02,1.071681040705390275e+00,-6.143878117456964105e+01,-9.370895496894059988e+02,-1.490240235280668344e+02,-1.375657288482275135e+03,-2.811397769852410875e+03,-4.939784813681105334e+03,-9.264237082553901928e+03,7.523935352299737644e-01,2.963506618498794154e+00,8.883826878858668863e+01,-1.387539902239068169e+03,1.025408086288868435e+04,-9.810975216911250754e+03,-1.143134423876635810e+04,-9.838943892710442015e+03,-9.636052271279915658e+03,-7.135723408196186028e+03
-5.736793837827839889e+06,-1.836868970201421995e+06,4.952593344426201656e+05,8.074730142658298137e+05,5.096764747880082577e+06,8.306264808061349904e+05,1.345285134086963371e+05,8.465368942198359873e+05,3.952264846102669981e+04,1.665250866798544394e-01,2.070500920646312437e+01,1.295223419377559821e+02,1.080966918564954904e+04,-2.888711440984593355e+05,2.528602253942260984e+06,-1.945642162438858650e+05,2.064176486260036654e+03,1.383987579737034679e+01,2.093263860482397209e-01,-1.951785565798617881e+03,9.353336662117932576e+01,-1.456536338639549228e+02,5.019526928671301903e+03,3.217963625410005989e+04,1.098613426308606984e+06,-8.897469528852663934e+06,-2.478275473926996812e+06,7.055227651046380401e+06,-2.959944530642150785e+05,-3.206975955541302937e+03,-1.953266231001213171e+01,2.031337297239686757e-02,2.040715005585428884e-02,7.103256514991970749e-02,3.647930337853097504e-01,-5.509102486825489819e+01,-8.111341421546042056e+02,-1.803162054267632755e+02,-1.513103263218883058e+03,-3.481345146510191626e+03,-8.107423509819381252e+03,5.202156133127501247e-01,-8.600367746225334731e-01,5.792743286888735632e+00,3.575877098669738530e+01,-1.284022802988124113e+03,8.727898197126496598e+03,-9.188801590203818705e+03,-1.022829848757650143e+04,-9.351629511202329013e+03,-7.926089971898017211e+03
-5.520782179470401257e+06,-1.784040118656853912e+06,4.745924445584383211e+05,6.773810967053124914e+05,4.955908009315410629e+06,8.368273160508342553e+05,1.432381387329343124e+05,8.869250247997678816e+05,4.948175051934279327e+04,1.575382903210456931e+00,2.786748884163774420e-01,1.892454691843813919e+01,1.170280090861589031e+02,5.780186174013506388e+03,-1.945642162438859523e+05,2.203032277728823945e+06,-9.698489615937181225e+04,2.771131947951548682e+02,9.198173054231713053e-01,-1.659818550619828102e+03,4.545084571474504287e+01,6.548190569605166900e+01,1.524535302248990831e+02,3.793529188500483542e+03,2.473195076020360284e+04,6.576819466526730685e+05,-6.302682241379822604e+06,-1.136046735101828352e+06,3.688475351384629961e+06,-4.956840771494546061e+04,-1.080381122685558068e+02,5.025536420845523079e-03,8.381579935101701045e-03,6.580725256560907011e-03,3.615709486548124296e-02,4.437093582438896844e-01,-3.590168318169317274e+01,-6.957246915537733685e+02,-3.048218116217788065e+02,-2.100718766174226857e+03,-6.711784952065600919e+03,3.494748801479186096e-02,1.729034079723651973e-01,-3.848849613613697374e-02,3.400909489431963806e+00,3.996133699924651950e+01,-8.527224208006181243e+02,7.368331997316105117e+03,-9.156939241589936501e+03,-9.382045097150959919e+03,-8.427768349038753513e+03
-5.097020959652933292e+06,-1.680672207382281078e+06,4.408333981705030892e+05,5.362484992003097432e+05,4.627301959244188853e+06,8.101837133539877832e+05,1.468334684750248271e+05,8.904605252912493888e+05,5.956986454734285508e+04,5.010737877862130318e-01,5.199683510221504434e-01,1.954279154628268955e-01,1.034625179388057248e+01,5.949341911788692983e+01,2.064176486260031197e+03,-9.698489615937179769e+04,1.838952321205618326e+06,-2.910972955968248789e+04,2.106161950150744389e+01,-1.180910005233172114e+03,5.770137092035952264e+00,-3.574004196901935870e+01,7.186438966382584681e+01,8.585564453634631832e+01,1.884562881548101814e+03,1.262598464065260305e+04,2.699827832971205935e+05,-3.219637487128474750e+06,-8.102747517891288735e+05,1.146962060967574129e+06,-2.199877675930921214e+03,4.526308898262653216e-03,6.189684608541056940e-03,7.950931749427583850e-03,5.476795508173135096e-03,2.745178911057427618e-02,1.305656795484614052e-01,-1.969102075200817481e+01,-4.774572221651217205e+02,-7.313488413114230298e+02,-5.611694032301128573e+03,6.265023976735342726e-02,-6.565888693078475447e-02,1.553660755967940510e-01,-1.455024432623903130e-01,2.192121311592691857e+00,1.399721374956223130e+01,-4.789229054364732860e+02,5.515640313020116082e+03,-9.953578549963154728e+03,-9.849061231285319082e+03
-4.183611643712746911e+06,-1.426029908398355590e+06,3.675813345472222427e+05,3.528182997593727778e+05,3.858156237893828657e+06,7.074517402664390393e+05,1.372848923577088281e+05,8.048562037500807783e+05,6.650452855841057317e+04,3.387458976752970585e-01,9.027662706364791845e-02,2.448670248905644442e-01,2.548223804880539456e-02,2.797448634610832485e+00,1.383987579736623985e+01,2.771131947951551524e+02,-2.910972955968250244e+04,1.405235336920876289e+06,-3.318761782087521624e+03,-6.031746173205833657e+02,-1.451611037533668025e+01,-1.015650809470028904e+01,-1.783417135224427019e+00,1.876369545190858190e+01,1.241557918919165715e+01,4.935529246753671941e+02,3.223769732423239930e+03,5.421427360784481425e+04,-8.960317348231981741e+05,-1.188600058556117350e+06,1.320600631315588544e+05,2.476913855434598882e-03,3.598452812934117839e-03,3.611170086819777414e-03,4.378870304502374688e-03,3.365132963212141837e-03,1.135901124077864921e-02,2.156333540862521991e-02,-7.322483440329818905e+00,-1.942160832947455447e+02,-3.559266839515847551e+03,2.768433330987126600e-02,-5.191557463901902425e-03,-9.100664555743959161e-03,4.846878304395729753e-02,-7.475193384003725461e-02,7.444416994854514691e-01,3.084797373162674994e+00,-1.719263201326652677e+02,3.153370949173528061e+03,-1.186454862578520806e+04
-1.532696016825971892e+06,-5.311678141530281864e+05,1.313472953457059630e+05,5.198223004768716055e+04,1.448402197744995588e+06,2.874013503333089757e+05,6.293750948828177934e+04,3.418157449259632267e+05,4.052090705441447790e+04,5.519032202397267106e-02,1.931563568407346221e-02,1.512810242539119887e-02,2.628242191011342932e-02,8.017099372462643814e-04,2.093263860482299510e-01,9.198173054231872925e-01,2.106161950150720585e+01,-3.318761782087519805e+03,4.999543388177223387e+05,1.383314594747754143e+02,1.402668737979720071e+01,-3.095885018028151414e+00,1.118766084916992476e+00,-8.980985785631254714e-01,1.961867932039200069e+00,-5.389069890095262716e-01,3.996333428911032826e+01,2.741259217462225024e+02,5.269153326663582448e+03,-1.697901403831715652e+04,-5.117637983670964022e+05,9.315199197773291803e-04,1.282054974306181660e-03,1.323374702303790201e-03,1.345342221171516237e-03,1.478711887784412565e-03,1.342682952933906687e-03,2.408087656688664979e-03,3.324362088432748080e-03,-1.145215494319748339e+00,-1.332446249290943854e+02,1.078730241390449957e-02,-5.041700592114048418e-03,3.164758286435934154e-03,-2.608524696411651522e-03,8.152648671059914420e-03,-1.686346002518225584e-02,1.086273009994687677e-01,3.663017088332732873e-01,-1.277946125693656398e+01,-1.115299193400593140e+03
8.709519652810251864e+04,-2.283845115036446259e+03,5.997609505200175590e+02,7.925037377315466074e+02,7.351691048265754944e+03,5.080762513786281488e+03,8.162373907576920828e+02,8.376819307005116571e+02,-9.925087514436538186e+03,1.275918569312830186e+02,-4.098967405339067227e+03,-2.428644546284193893e+03,-2.745757190334301413e+03,-2.237841927343104544e+03,-1.951785565798646076e+03,-1.659818550619782627e+03,-1.180910005233152560e+03,-6.031746173205804098e+02,1.383314594747749879e+02,7.397591958192808670e+04,-5.595496519813431405e+03,9.599170052446433692e+04,2.260181045078998432e+04,4.590879337772156578e+04,3.354831413887085364e+04,3.183300103933987702e+04,2.758510996136569884e+04,2.335012501064953904e+04,1.910789531230295688e+04,1.109282936698362937e+04,2.737720927502744871e+03,1.838148720083950820e+03,3.687638057777965059e+03,3.708305825719111908e+03,3.608917605152280430e+03,3.438680396685152118e+03,3.166792942846344886e+03,2.952293641142584875e+03,2.411078959724516153e+03,1.564548614765000366e+03,-2.442131761158505014e+02,-4.729703415780946671e+04,-4.778906933838956320e+04,-4.150336317301086092e+04,-3.652282817798085307e+04,-3.235636960354512121e+04,-2.809885392158120158e+04,-2.452927279758226359e+04,-2.029515462456235036e+04,-1.527182514880159943e+04,-6.825089593194093140e+03
-6.214897900900574314e+03,1.771130246624894653e+02,-4.528805239860457732e+01,-5.321069611381602726e+01,-5.726715917599631211e+02,-2.885383511665717151e+02,-2.592865738004117304e+01,-7.686400983509304297e+01,6.134555499931738041e+02,2.374013163844779228e+01,5.427448857584336110e+02,2.651175745582260106e+02,2.383670316098157116e+02,1.509325970666325816e+02,9.353336662118648803e+01,4.545084571474390600e+01,5.770137092034993032e+00,-1.451611037533729842e+01,1.402668737979718649e+01,-5.595496519813432315e+03,6.728574282996752345e+02,-1.407007779839088653e+04,-3.384341636605814983e+03,-4.814822440310216734e+03,-3.178750828022377391e+03,-2.287896348243488319e+03,-1.424888504341701037e+03,-6.392636928064802078e+02,1.019182772239218622e+02,6.642623744266627455e+02,2.718133048880158640e+02,-2.943337032078262041e+02,-4.508814677987136292e+02,-3.807280781544512251e+02,-2.982919339979497408e+02,-2.247334855697027649e+02,-1.523195342970576576e+02,-9.183382037466417103e+01,-3.396432734350020155e+01,-2.375757698747144264e+00,-1.194777322998127289e+02,8.226600969633416753e+03,6.918714816509117554e+03,5.135984603491814596e+03,3.785571840686592168e+03,2.705825620555437126e+03,1.756367295838339942e+03,9.432747208711323310e+02,2.021596071652971034e+02,-4.301700483170160965e+02,-7.176111376436072078e+02
2.605214143185967207e+07,8.502513065528443083e+06,-2.559661823945268989e+06,-7.833834679622896947e+06,-2.217621202674624696e+07,-2.767160847207145300e+06,-2.685557257868593442e+05,-1.779562108183920849e+06,-3.063176492396455433e+04,-9.843548928151614964e+06,-3.870727585871912073e+06,3.297636111493671779e+05,1.290012386314429750e+04,3.391820632896226925e+03,-1.456536338619043818e+02,6.548190569618691370e+01,-3.574004196957406521e+01,-1.015650809457021886e+01,-3.095885018028583069e+00,9.599170052446232876e+04,-1.407007779839068826e+04,2.922869914493497014e+08,-2.083669731646384001e+08,-5.150822605082924664e+07,-3.550120515973801259e+06,-7.948946924801402492e+05,1.937497518955524129e+03,-2.662637578516892972e+04,4.216089402406270892e+03,-8.128194913745010126e+02,3.932758154241084867e+02,4.713289064990649422e+03,1.242065024594441275e+04,-2.387642417843735893e+04,-4.851895421824893856e+04,-6.147141027102482622e+04,-7.375809223402975476e+04,-8.556407483844921808e+04,-9.741517278020313825e+04,-1.105217427289464395e+05,-1.311484180515187909e+05,-3.600233923523913836e+05,-5.294721918681163806e+05,-7.944463242009456735e+05,-1.838045248371938651e+05,-2.808318707996269222e+05,-1.715580888898130797e+05,-1.541420886688541796e+05,-1.211141899419762049e+05,-8.557613130719571200e+04,-5.005345433435754967e+04
3.261263280461128429e+07,9.684158895027300343e+06,-2.702388103487660177e+06,-5.954014136961357668e+06,-2.748191950177554414e+07,-3.894262951477114111e+06,-5.085140946250199340e+05,-3.354074457139745820e+06,-7.382333785133520723e+04,4.629377552907592617e+06,-1.053795779612038843e+07,-7.889229812467000447e+06,8.399031949317966355e+05,3.255902934871606703e+04,5.019526928671082715e+03,1.524535302249857978e+02,7.186438966332036671e+01,-1.783417135346555993e+00,1.118766084917789394e+00,2.260181045079331670e+04,-3.384341636606100565e+03,-2.083667153655603230e+08,7.579163538155176640e+08,-3.989837121196992993e+08,-1.106612553235013783e+08,-7.910010980985302478e+06,-1.219040699852574850e+06,-6.404058423191980546e+04,-1.962368218373083437e+04,1.654273404536287671e+03,-5.014821314293769206e+00,3.189333226689688559e+02,-4.321143807923066925e+04,2.294513627691435613e+04,3.900809784651405789e+04,4.049205834446667723e+04,4.627202144360596139e+04,4.905397228111392906e+04,5.014909516364031879e+04,5.152281106152157008e+04,4.966987334153809206e+04,-1.653906985726653656e+05,-9.372205618736081524e+05,9.117322036875577760e+04,-3.351718475756859407e+05,3.559868170630066015e+04,-8.787596142918663099e+04,-3.227636434865995398e+04,-4.256168371383406338e+04,-2.880532946475632343e+04,-2.103311608058385173e+04
2.343397104954937100e+07,6.691352392861636356e+06,-1.790591924123154953e+06,-2.821524153188166209e+06,-2.027511258427186683e+07,-3.111495771772664972e+06,-4.679801004718499607e+05,-3.128645505385299213e+06,-1.107449495627631113e+05,-3.948164093750147149e+05,9.745520815004331991e+06,-8.574205905565999448e+06,-1.036140493126103468e+07,1.222793293294066330e+06,3.217963625410099849e+04,3.793529188500630426e+03,8.585564453707593202e+01,1.876369545192224209e+01,-8.980985785626079965e-01,4.590879337772290455e+04,-4.814822440310248567e+03,-5.150789115098987520e+07,-3.989836350189382434e+08,1.121968716506935596e+09,-5.040412021308496594e+08,-1.406388262958791852e+08,-8.042556203877853230e+06,-1.084511143061345909e+06,-3.940355118210933142e+04,-5.655264502367706882e+03,2.406769282823467790e+02,-3.232006473562533415e+02,1.212735492995558843e+03,-9.416468336075120533e+03,2.000594190616205378e+04,2.506573988535509125e+04,2.103376281103299698e+04,2.337929845374939759e+04,2.402120478335402731e+04,2.325065260430981289e+04,2.006819360692083865e+04,-2.160893644957970173e+04,-8.653930026561602062e+02,-1.021277761449846672e+06,-1.279062173725986504e+05,-3.708587520305417129e+05,-8.863997285416317027e+03,-9.389522502312241704e+04,-3.629305827872361988e+04,-5.620540225739256857e+04,-2.576493391256805262e+04
1.431975225942057371e+07,4.020770690014650580e+06,-1.031072369436341687e+06,-8.927941145901869750e+05,-1.254849518576927669e+07,-2.146883036152440123e+06,-3.706653050748201204e+05,-2.398307676238714252e+06,-1.238431464780364331e+05,-1.281920655190775869e+04,-8.360924721996741137e+05,1.251145406179672666e+07,-6.392358423611666076e+06,-1.083697353571793810e+07,1.098613426308609312e+06,2.473195076020302804e+04,1.884562881548597943e+03,1.241557918919935588e+01,1.961867932039834228e+00,3.354831413886322116e+04,-3.178750828022004043e+03,-3.549731351251832210e+06,-1.106611239578574896e+08,-5.040411478659662008e+08,1.303207992060879946e+09,-5.394348450549480915e+08,-1.290853391328534186e+08,-6.912134571990346536e+06,-5.640476038346542045e+05,-6.462359526383894263e+03,-1.916075784160464082e+02,-1.167597931001980101e+02,5.221596424795523461e+01,2.880145984960398891e+03,-1.504599437903017315e+04,1.407777544938552455e+04,2.343295431730718701e+04,2.376729982279109026e+04,2.896284903920648139e+04,3.118765453517356946e+04,3.454130166524156084e+04,-6.011480517788897487e+03,1.529801115358365496e+04,-8.410918001257038850e+04,-1.091943418559713755e+06,-4.384335904202228267e+04,-2.663985042262061033e+05,2.300351584730770264e+04,-5.222299652614040679e+04,-1.924468941877140969e+04,-1.839854687933861715e+04
3.808643509241215419e+06,1.132992123801074224e+06,-2.502247512051480007e+05,4.411475330965021276e+05,-3.491199889473531395e+06,-8.166983176144484896e+05,-1.845770065365417104e+05,-1.108382573505844921e+06,-9.638028116101253545e+04,-3.136436569082990900e+03,-2.244692684200296208e+04,-1.278158828398443060e+06,1.275412560943786241e+07,-3.861873885271480773e+06,-8.897469528852669522e+06,6.576819466526719043e+05,1.262598464065276494e+04,4.935529246752783479e+02,-5.389069890101201299e-01,3.183300103934394065e+04,-2.287896348243629745e+03,-7.944628264181511477e+05,-7.909836914001500234e+06,-1.406387293296564817e+08,-5.394348023536074162e+08,1.247482555739032507e+09,-4.603029968267667294e+08,-9.300962931308744848e+07,-3.605133476868351456e+06,-1.347468095771024527e+05,1.474997733918822576e+02,6.760178987438180798e+00,8.990431293102064458e+00,-1.201034243513355051e+02,2.067017924011518971e+03,-9.817646266067764373e+03,1.406148130765905080e+04,2.062665992983424439e+04,2.235654809551201470e+04,2.836073120651071076e+04,3.331801482319779461e+04,1.253866287487204261e+02,-1.714163619483350431e+03,-1.196734712341199520e+04,-5.767062575984153227e+04,-9.498789048911152640e+05,-6.829699185287571163e+04,-2.315716335549023061e+05,1.230112631610331118e+04,-2.656239438797056209e+04,-1.617433695042908948e+04
-5.453110476525779814e+04,2.298142242136920104e+05,-2.208341469225734909e+04,5.208447272817493649e+05,-1.204496238905884093e+05,-2.446828801699923060e+05,-8.809471268545198836e+04,-4.608107194279019022e+05,-7.125169984988468059e+04,7.938502844072490916e+01,-3.470112596034857233e+03,-2.780718477265001275e+04,-1.181412962297321996e+06,1.024730495412465185e+07,-2.478275473927013576e+06,-6.302682241379816085e+06,2.699827832971202442e+05,3.223769732423209007e+03,3.996333428910747188e+01,2.758510996136756512e+04,-1.424888504341793350e+03,2.406543214738469032e+03,-1.218829453234930290e+06,-8.042422058021425270e+06,-1.290852592518795878e+08,-4.603029596471319795e+08,1.010525776948554158e+09,-3.671111079656292796e+08,-4.490990113101830333e+07,-8.603381110069599235e+05,-5.544948396981339101e+03,-7.210867015650149980e+00,-4.813433949964815106e+00,-2.441100185517822752e+01,-5.022159885331572582e+01,1.842537130360125047e+03,-9.312087120041205708e+03,1.407232760048987620e+04,1.997159502146845625e+04,2.528283338711787292e+04,3.464885675542723766e+04,-3.245088812657112385e+02,8.723968307132013251e+02,-3.226259024927429891e+03,-3.894204620866858932e+03,-5.667167499809073342e+04,-7.742155443287948146e+05,-5.182880715230831993e+04,-1.728487217076522356e+05,3.303875138565727866e+03,-1.646032023684486558e+04
-5.053856104408778250e+06,-1.215620512998261489e+06,3.456562547531747259e+05,7.761283133934063371e+05,4.330327004875186831e+06,5.414378089141673408e+05,5.551473005225235829e+04,4.698272123719519004e+05,-1.822118679213710129e+04,-1.004739003192750033e+02,-1.196685215104976123e+02,-3.821317416805872199e+03,-2.778737976600040565e+04,-7.284170455253084656e+05,7.055227651046389714e+06,-1.136046735101832077e+06,-3.219637487128473353e+06,5.421427360784501798e+04,2.741259217462240940e+02,2.335012501064806929e+04,-6.392636928064439417e+02,-2.612368964161365147e+04,-6.379569716647687892e+04,-1.084343356757105794e+06,-6.912021050568757579e+06,-9.300955849300596118e+07,-3.671110743251817822e+08,6.975277304933474064e+08,-2.213772978136562109e+08,-1.135653219299936295e+07,-3.657132154798385454e+04,1.711754646522638090e+00,1.442037908971411042e+00,3.245551632952773602e+00,-6.351490736196062414e+00,-6.087013518243990973e+01,1.241499843063868866e+03,-7.439744796577373563e+03,1.507702488477825500e+04,2.204205583462477443e+04,3.455578312356460810e+04,6.149696217640202178e+01,-2.157651241239782394e+02,2.948794722951606673e+02,-1.747112268358136362e+03,-6.093959014488483263e+03,-4.237017645114217157e+04,-5.651136667317275424e+05,-2.725725477493158905e+04,-1.022800969181828550e+05,-4.008271118558344824e+03
-4.569543306283625774e+06,-1.150558684217225295e+06,3.046209747487073182e+05,4.184148019283841131e+05,4.026019271785624325e+06,6.108151105972188525e+05,9.165740170258670696e+04,6.291376013789476128e+05,1.479951676915359712e+04,1.265866861156183631e+01,-5.153044967411778998e+01,-8.689052532226151015e+01,-2.205222407282535642e+03,-1.450230701115179363e+04,-2.959944530642148457e+05,3.688475351384634152e+06,-8.102747517891312018e+05,-8.960317348231988726e+05,5.269153326663585176e+03,1.910789531230308785e+04,1.019182772239044965e+02,4.751931789677361849e+03,-1.934563887460508340e+04,-3.920260863420626265e+04,-5.639009261693824083e+05,-3.605029500543044880e+06,-4.490983433432684094e+07,-2.213772646574124396e+08,3.501845336403407454e+08,-8.162502662823230028e+07,-6.479297892882258166e+05,-3.786401493534585772e-01,-2.435274860018358245e-01,-1.104000693708855119e+00,5.622943540044778032e-01,-6.800494055123717629e+00,-2.126982930216387047e+01,7.185716291700143756e+02,-5.531854053437996299e+03,1.882290432889612202e+04,3.879570399627606821e+04,-1.804072273748141697e+01,5.906410692663902040e+01,-1.466911643464325152e+02,2.393332060674537445e+02,-1.149090854557412285e+03,-2.328926837090963090e+03,-2.650708565130427451e+04,-2.926373668494946323e+05,2.450890874021299339e+02,-3.383934100120524818e+04
4.715775130756815197e+05,3.335482580213902984e+05,-8.942362319474728429e+04,-1.321077489516350906e+05,-4.751441569947187672e+05,-1.252584966089001391e+05,-3.010465189778843705e+04,-1.404258631124656240e+05,-2.162783550007631493e+04,-1.251321812219273966e+00,3.707614849696767578e+00,-1.954607158012578338e+01,-1.268682503389504745e+01,-5.269124712860539148e+02,-3.206975955541159237e+03,-4.956840771494527871e+04,1.146962060967575060e+06,-1.188600058556117117e+06,-1.697901403831715652e+04,1.109282936698359481e+04,6.642623744266589938e+02,-2.396505136218888765e+02,1.969643304157851844e+03,-5.416995363990358783e+03,-6.278355270642610776e+03,-1.346055066613011295e+05,-8.602339877249905840e+05,-1.135646171016519144e+07,-8.162498930164182186e+07,1.045381359692900926e+08,-1.036923114989788085e+07,3.744004283306452407e-01,4.565275953039421575e-01,5.589028945570322371e-01,2.987855025935655107e-01,8.738361457028851476e-01,-1.448006071877214529e+00,-2.767203765487593614e+00,2.685687757376961713e+02,-3.159548297742855993e+03,4.270844555685995874e+04,5.996527554648584335e+00,-9.845968519370767780e+00,1.870268259878022121e+01,-4.320406890983393566e+01,8.179666115356297951e+01,-3.642867578506181871e+02,-4.785721281289746685e+02,-1.167170553892909447e+04,-9.463844738881924422e+04,4.705795825753124518e+04
1.267968251145160059e+06,5.114697990427869372e+05,-1.297175893777951860e+05,-9.482548269189614803e+04,-1.222853218095802236e+06,-2.421745431085309247e+05,-5.286168671796807030e+04,-2.906437292976637837e+05,-3.482595981829822995e+04,-1.517058592494223035e+00,-5.643692562084652309e-01,-2.339230631836457519e-01,-1.405418841332348734e+00,1.167689687886972472e-01,-1.953266231001302344e+01,-1.080381122685575974e+02,-2.199877675930920304e+03,1.320600631315584469e+05,-5.117637983670965768e+05,2.737720927502751692e+03,2.718133048880162619e+02,1.031323548681527427e+03,3.752338338106821993e+02,5.438248221696251221e+02,5.727543283214447456e+01,3.536814446997315713e+02,-5.375946359510953698e+03,-3.643595995831101027e+04,-6.478275839422384743e+05,-1.036916627114237659e+07,1.152327903576313145e+07,-2.189984044992251966e-01,-2.849860510176315254e-01,-2.878265096068306494e-01,-2.806464504496735124e-01,-3.047004489956148809e-01,-2.569265157597682148e-01,-4.479422809919526571e-01,-2.846370801330970757e-01,3.163690108518849797e+01,1.761236974663701631e+03,-2.505755312691419157e+00,1.402196871473513795e+00,-1.057659900102922990e+00,1.563927264028311725e+00,-3.619264692864835098e+00,8.273664535638410200e+00,-3.315425450990444034e+01,-9.191110851835590623e+00,-2.479845781788760178e+03,-5.962706157584468201e+03
1.957225629052629301e+03,-5.597830047064962855e+01,1.333623256181317629e+01,6.225457722131295668e+00,4.926551162217419915e+02,8.850782451924618499e+01,7.577352178855822018e+00,3.914004795901183797e+01,-1.466484186877449929e+02,-3.344938295578141378e+02,-1.153080560896959810e+02,1.552303935948600611e+00,2.415483289237236875e-01,2.122031408609892367e-02,2.031337317493520089e-02,5.025536482901049595e-03,4.526308839818360408e-03,2.476913857188168394e-03,9.315199200683586421e-04,1.838148720083928310e+03,-2.943337032078154039e+02,4.713289064997018613e+03,3.189333226625076350e+02,-3.232006473564167663e+02,-1.167597930955878383e+02,6.760178985672908425e+00,-7.210867015959664172e+00,1.711754645633448035e+00,-3.786401481472978503e-01,3.744004282359660873e-01,-2.189984044899942750e-01,6.529897317124413348e+03,5.926082203317176209e+03,5.932371128592139939e+03,5.934738458064291081e+03,5.936183362449702145e+03,5.937424605282817538e+03,5.938427790452356930e+03,5.939338580280949827e+03,5.940300590963018294e+03,5.941492743742865059e+03,-3.205737416845403459e+03,8.265617387567272090e+01,8.326500231671695929e+01,2.439232612893482610e+01,3.029846407951322362e+01,1.753605869149629370e+01,1.564474053384864760e+01,1.181662258983888592e+01,8.425710336970297476e+00,3.867942426636247433e+00
1.703871906737756217e+04,-7.614392224826847269e+02,2.506539991822716047e+02,9.963178481051909330e+02,1.490911810865447478e+03,-8.179024846167571923e+02,-6.207480143162149488e+01,-1.963859248701260185e+01,-4.061084452252248980e+02,-3.106773295389078157e+03,-1.413498222897756477e+03,-3.072667980769608675e+01,-1.149285113180965823e+00,2.338965819412486269e-02,2.040715003028203967e-02,8.381579928370186394e-03,6.189684617690427437e-03,3.598452814013471893e-03,1.282054974311465844e-03,3.687638057777960967e+03,-4.508814677987141408e+02,1.242065024594559509e+04,-4.321143807922980341e+04,1.212735492995344657e+03,5.221596424779045265e+01,8.990431292997158153e+00,-4.813433949733649797e+00,1.442037909027540366e+00,-2.435274861658562884e-01,4.565275953064930614e-01,-2.849860510193685803e-01,5.926082203317171661e+03,1.271247635707888003e+04,5.882821455049752331e+03,5.887621237259761983e+03,5.888225551431287386e+03,5.888452043030501045e+03,5.888757937095343550e+03,5.889016055060897997e+03,5.889318421775627939e+03,5.889780396278964872e+03,-2.869810125906969915e+02,5.054309445212648279e+04,1.735414841920162416e+02,1.423774009388580453e+01,6.040455017442639019e+00,7.223725352957757195e+00,5.891727063936400555e+00,2.309247170536679050e+00,3.002513620621414248e-01,-3.384099265701934200e-05
3.145760606042385189e+04,-1.157050828116854973e+03,3.748409625264575880e+02,1.424257302425311536e+03,2.266581528793118196e+03,-2.197981285727406430e+03,-1.799276320906126045e+02,3.339446565252865184e+01,-4.556261316083887891e+02,-7.593423188816548645e+03,-3.571557212049656300e+02,-1.093541468554871244e+03,-9.120650170972459136e+01,1.071681040697232135e+00,7.103256519549461245e-02,6.580725261352782240e-03,7.950931737861155479e-03,3.611170087155007955e-03,1.323374702289703813e-03,3.708305825719099630e+03,-3.807280781544516230e+02,-2.387642417843570365e+04,2.294513627691417423e+04,-9.416468336076304695e+03,2.880145984960524402e+03,-1.201034243510924284e+02,-2.441100185554955715e+01,3.245551632881742421e+00,-1.104000693475931882e+00,5.589028945455637443e-01,-2.878265096058315042e-01,5.932371128591988963e+03,5.882821455049773249e+03,1.881606547795390361e+04,5.844234914616778042e+03,5.845316835834156336e+03,5.842572018885886791e+03,5.840537299501503185e+03,5.838860900878618850e+03,5.836798232478946375e+03,5.834129161434419075e+03,-2.320625363975246955e+02,-8.361128022185210966e+02,4.961038499805041647e+04,4.275714717620718375e+01,-2.383888691694190243e+01,-4.365541739060552118e+01,-2.428027583275380152e+01,-2.670951312108843467e+01,-1.423947611270813240e+01,-1.021147927817045087e+01
4.658212050737076061e+04,-1.637590375578578460e+03,5.212340404945330192e+02,1.892926466466611600e+03,3.285717807438340969e+03,-3.940466556384765227e+03,-3.571085537968464791e+02,1.113005109699215609e+02,-4.861757000552779004e+02,-1.033716915762904682e+04,-2.188263199933625856e+03,-2.763249931733987523e+02,-1.087394443833061814e+03,-6.143878117456424093e+01,3.647930337879978779e-01,3.615709486654772320e-02,5.476795510032994585e-03,4.378870303159532185e-03,1.345342221288266596e-03,3.608917605152298165e+03,-2.982919339979551410e+02,-4.851895421824994264e+04,3.900809784651495283e+04,2.000594190616009291e+04,-1.504599437902784848e+04,2.067017924011391642e+03,-5.022159885320341743e+01,-6.351490736136867099e+00,5.622943540568847709e-01,2.987855026054187513e-01,-2.806464504524405768e-01,5.934738458064193765e+03,5.887621237259779264e+03,5.844234914616752576e+03,2.546631954598021548e+04,5.806656489006822994e+03,5.803836552783285697e+03,5.798263639526488987e+03,5.793519819747863039e+03,5.787834528056594536e+03,5.780881451158311393e+03,-2.230934314169385289e+02,-7.938287992560568682e+02,-6.951956711881304045e+02,6.469708130255991273e+04,-1.260036988077536080e+01,-8.068456318546114403e+01,-8.199676132925462468e+01,-6.112197471489631084e+01,-4.384872821741267046e+01,-2.474043059151968649e+01
6.310971409917784331e+04,-2.168347047365314211e+03,6.807231672923744554e+02,2.378617141351378450e+03,4.427034151556217694e+03,-6.094671476767247441e+03,-6.038778122391864827e+02,2.164523916184871268e+02,-4.934279050592743943e+02,-1.250643281810566623e+04,-3.749499808484380537e+03,-1.923640751085159536e+03,-1.315598895935760879e+02,-9.370895496893017480e+02,-5.509102486825429423e+01,4.437093582448428108e-01,2.745178910812307027e-02,3.365132964799123251e-03,1.478711887659517896e-03,3.438680396685137111e+03,-2.247334855697009175e+02,-6.147141027102414955e+04,4.049205834446831432e+04,2.506573988535439639e+04,1.407777544938412029e+04,-9.817646266071915306e+03,1.842537130362717562e+03,-6.087013518257468547e+01,-6.800494055099282065e+00,8.738361456828578344e-01,-3.047004489918252457e-01,5.936183362449633933e+03,5.888225551431299209e+03,5.845316835834149970e+03,5.806656489006830270e+03,3.291012387167278939e+04,5.767488412894598696e+03,5.761760166808829126e+03,5.752448825779531035e+03,5.744349863886773164e+03,5.731172498763980911e+03,-2.284614072376784293e+02,-8.046670654631868729e+02,-6.746448625678392546e+02,-7.433517877268686789e+02,7.246311602573600248e+04,-8.439878767904778556e+01,-1.183390220517647009e+02,-1.107272060361961366e+02,-8.078661071860889820e+01,-4.307253471360902353e+01
8.199379755033127731e+04,-2.818521799321730214e+03,8.727650206325397448e+02,2.925971815087777941e+03,5.869052810151391895e+03,-8.833772745033531464e+03,-9.500557511437866651e+02,3.693566418668015103e+02,-4.774717618056415631e+02,-1.439770526388533108e+04,-5.341506588105207811e+03,-3.419767306408346940e+03,-1.382040667748445003e+03,-1.490240235280456034e+02,-8.111341421546385391e+02,-3.590168318166303862e+01,1.305656795465053310e-01,1.135901124269327392e-02,1.342682953086022637e-03,3.166792942846335791e+03,-1.523195342970581407e+02,-7.375809223403058422e+04,4.627202144360730017e+04,2.103376281103239671e+04,2.343295431730772543e+04,1.406148130765824317e+04,-9.312087120040896480e+03,1.241499843064489141e+03,-2.126982930205297961e+01,-1.448006071831239749e+00,-2.569265157617453554e-01,5.937424605282719313e+03,5.888452043030498317e+03,5.842572018885885882e+03,5.803836552783293882e+03,5.767488412894577777e+03,4.170837576715943578e+04,5.725267550164798195e+03,5.714909433856279065e+03,5.702432053811927290e+03,5.683691890808545395e+03,-2.333661418872161448e+02,-8.408321337274170446e+02,-7.051528786742703687e+02,-7.356816164993191478e+02,-7.160006726610681653e+02,8.195862461836166040e+04,-1.399817205859984028e+02,-1.609691140951626949e+02,-1.181072702475795495e+02,-6.547035515535540640e+01
1.041936529716140940e+05,-3.634499669435128453e+03,1.110184704933681132e+03,3.562390680264430557e+03,7.703200198016798822e+03,-1.233076015877200007e+04,-1.432358437728414174e+03,5.865403148142431746e+02,-4.602969046725767157e+02,-1.610711072447920378e+04,-6.881897190119264451e+03,-5.051928712429620646e+03,-2.680044652746475094e+03,-1.375657288482232843e+03,-1.803162054267010319e+02,-6.957246915537797349e+02,-1.969102075200354207e+01,2.156333540530024767e-02,2.408087656568197975e-03,2.952293641142608067e+03,-9.183382037466452630e+01,-8.556407483844883973e+04,4.905397228111512231e+04,2.337929845374832803e+04,2.376729982279171963e+04,2.062665992983392425e+04,1.407232760048844284e+04,-7.439744796576607769e+03,7.185716291700407510e+02,-2.767203765478144728e+00,-4.479422809902106617e-01,5.938427790452491536e+03,5.888757937095322632e+03,5.840537299501525013e+03,5.798263639526498082e+03,5.761760166808826398e+03,5.725267550164792738e+03,5.238751097103345819e+04,5.681721254590382159e+03,5.665213399488911818e+03,5.642631122458547907e+03,-2.345517187223424003e+02,-8.651285689608571374e+02,-7.582759349224677408e+02,-7.782910616523030285e+02,-7.200477092789749349e+02,-6.964224674324623265e+02,8.983475476969881856e+04,-1.971344262283267881e+02,-1.635585928985393309e+02,-9.091476480639640556e+01
1.317323915929399373e+05,-4.730051967749641335e+03,1.424967009341526136e+03,4.356672818836697843e+03,1.019843361294304486e+04,-1.713263536315942838e+04,-2.152665850142413547e+03,9.118180823102338763e+02,-3.767571254505343177e+02,-1.775513657029897877e+04,-8.504103739456893891e+03,-6.842463425899202775e+03,-4.299225546163762374e+03,-2.811397769852489546e+03,-1.513103263218962184e+03,-3.048218116217964280e+02,-4.774572221651380914e+02,-7.322483440324200288e+00,3.324362088593308014e-03,2.411078959724506149e+03,-3.396432734349313165e+01,-9.741517278020331287e+04,5.014909516363954754e+04,2.402120478335304506e+04,2.896284903920366560e+04,2.235654809551334620e+04,1.997159502146813975e+04,1.507702488477876614e+04,-5.531854053438017218e+03,2.685687757376980471e+02,-2.846370801365799563e-01,5.939338580281218128e+03,5.889016055060868894e+03,5.838860900878669781e+03,5.793519819747856673e+03,5.752448825779580147e+03,5.714909433856251781e+03,5.681721254590387616e+03,6.626408491444597894e+04,5.633910810015961943e+03,5.610242686772276102e+03,-2.358752020334253245e+02,-8.855103399501260810e+02,-8.020245795145694956e+02,-8.495441120196879865e+02,-7.847157343039725674e+02,-7.151995819420171756e+02,-6.476885926056470453e+02,9.856181690700829495e+04,-2.175707175593311717e+02,-1.179766440220848551e+02
1.719957943230079254e+05,-6.511704298971832031e+03,1.928749129629342860e+03,5.515976984650238592e+03,1.438149364482663805e+04,-2.484058327468033895e+04,-3.416542963599057202e+03,1.518867405741217226e+03,-2.124002914877315789e+02,-1.962022425212143207e+04,-1.040251897196339633e+04,-9.013163474186932945e+03,-6.424020413225723132e+03,-4.939784813681018022e+03,-3.481345146510153427e+03,-2.100718766174177290e+03,-7.313488413114214381e+02,-1.942160832947596703e+02,-1.145215494320200200e+00,1.564548614764918057e+03,-2.375757698753844238e+00,-1.105217427289439947e+05,5.152281106151023414e+04,2.325065260432042851e+04,3.118765453517411515e+04,2.836073120651009958e+04,2.528283338711783654e+04,2.204205583462420327e+04,1.882290432889601652e+04,-3.159548297742991508e+03,3.163690108518761335e+01,5.940300590962086972e+03,5.889318421775733441e+03,5.836798232478735372e+03,5.787834528056616364e+03,5.744349863886776802e+03,5.702432053811869991e+03,5.665213399488940922e+03,5.633910810015921925e+03,8.780193864002295595e+04,5.591037938283199765e+03,-2.373157793514547791e+02,-9.102540307148969987e+02,-8.522846254572903035e+02,-9.121224966360385906e+02,-8.629292451010555851e+02,-8.068634435364654109e+02,-7.071277298286761379e+02,-5.921520614964301785e+02,1.069800759872477647e+05,-1.513754868201916679e+02
2.670322267305700807e+05,-1.224518181782639294e+04,3.499176939798686362e+03,8.426243428591551492e+03,2.849825183447974268e+04,-4.545929038782817224e+04,-7.259080928944880725e+03,3.926573178446182283e+03,2.829249354163177941e+02,-2.257472261029049696e+04,-1.364610178201234339e+04,-1.293728118955814170e+04,-1.047155796520983677e+04,-9.264237082553783694e+03,-8.107423509819471292e+03,-6.711784952065515427e+03,-5.611694032301109473e+03,-3.559266839515813444e+03,-1.332446249290939306e+02,-2.442131761159160988e+02,-1.194777322998164379e+02,-1.311484180515123007e+05,4.966987334153523989e+04,2.006819360692420742e+04,3.454130166523010848e+04,3.331801482320428477e+04,3.464885675542497484e+04,3.455578312356551760e+04,3.879570399627562438e+04,4.270844555686062085e+04,1.761236974663711180e+03,5.941492743742210223e+03,5.889780396279033084e+03,5.834129161434293565e+03,5.780881451158381424e+03,5.731172498763911790e+03,5.683691890808582684e+03,5.642631122458518803e+03,5.610242686772320667e+03,5.591037938283168842e+03,1.456124658326492063e+05,-2.403690647508601330e+02,-9.392931220320200509e+02,-9.177936204063960304e+02,-1.011320439723598497e+03,-9.863609596997514473e+02,-9.388939378626710095e+02,-8.365826711469917427e+02,-6.938725124486934419e+02,-4.968421664904028603e+02,1.156001411293388228e+05
-2.319515828713028895e+04,-5.569808545243904518e+02,3.270343527844779601e+02,2.657841641305405574e+03,-1.436859981378063367e+03,-3.998610506995840751e+03,-3.642688658638741117e+02,-1.160888041775487864e+03,3.205626100142021187e+03,9.263933878064288365e+03,-3.070461829778902029e+03,9.854337026153422130e+01,1.094483283468332502e+01,7.523935345159173949e-01,5.202156154126669207e-01,3.494748862023655533e-02,6.265023914572820374e-02,2.768433332452042289e-02,1.078730241779984889e-02,-4.729703415780989599e+04,8.226600969633527711e+03,-3.600233923523296835e+05,-1.653906985727261635e+05,-2.160893644958501682e+04,-6.011480517737563787e+03,1.253866287294937365e+02,-3.245088812696799323e+02,6.149696216762595213e+01,-1.804072272458617476e+01,5.996527553632700958e+00,-2.505755312612651942e+00,-3.205737416845946882e+03,-2.869810125906349185e+02,-2.320625363959757692e+02,-2.230934314158089933e+02,-2.284614072370259237e+02,-2.333661418861562424e+02,-2.345517187236999916e+02,-2.358752020364860300e+02,-2.373157793415664401e+02,-2.403690647441246711e+02,6.157063584320406662e+05,-2.062522515284629208e+03,1.603108117592675626e+03,-4.188442144480041520e+02,2.367982542834686228e+02,-1.304053628412387411e+01,7.625782002645419766e+01,4.303767094069598897e+01,3.096029166858058090e+01,2.253653482335619174e+01
1.035951159634853539e+05,-4.574025633838173235e+03,1.679190963199005637e+03,8.287074337441139505e+03,1.320938704894317198e+03,-1.608051514768410198e+04,-1.371328934151526482e+03,-1.151849142371092057e+03,4.428437883891388083e+03,-5.544005178440693999e+04,1.996614741895587940e+04,-7.543647943769374251e+02,-8.445168977661023746e+01,2.963506618507864232e+00,-8.600367744804628956e-01,1.729034080109738136e-01,-6.565888695580079926e-02,-5.191557465659196388e-03,-5.041700592002106712e-03,-4.778906933838949044e+04,6.918714816509118464e+03,-5.294721918681038078e+05,-9.372205618735905737e+05,-8.653930026664165780e+02,1.529801115357612071e+04,-1.714163619485734671e+03,8.723968307126352784e+02,-2.157651241244225844e+02,5.906410692726043976e+01,-9.845968519394482144e+00,1.402196871475196671e+00,8.265617387566618390e+01,5.054309445212651917e+04,-8.361128022184587962e+02,-7.938287992559911572e+02,-8.046670654631898287e+02,-8.408321337274526286e+02,-8.651285689609505880e+02,-8.855103399502877437e+02,-9.102540307144822691e+02,-9.392931220316647796e+02,-1.969714847156470569e+03,1.638389580357441213e+06,-2.835468103252461788e+03,1.626015505461024759e+03,-1.116668748701940558e+03,-1.213215669053361410e+02,-3.741459926800087032e+02,-1.958202090490638057e+02,-1.628635031929606498e+02,-6.915898240911508310e+01
9.279053863651985012e+04,-2.500373646788750193e+03,8.097399124213407049e+02,3.093434423413789773e+03,4.739991045672475593e+03,-1.971563396384130465e+04,-1.999341539148551874e+03,2.122600009809957555e+02,4.522537772874510665e+03,-3.402561848799901054e+04,-1.373823123039028724e+04,1.328003729062482125e+04,-2.185092493029056641e+03,8.883826878834929630e+01,5.792743286870006614e+00,-3.848849614510996275e-02,1.553660755650163594e-01,-9.100664555731928854e-03,3.164758286492274069e-03,-4.150336317301095551e+04,5.135984603491816415e+03,-7.944463242009450914e+05,9.117322036874853075e+04,-1.021277761449828278e+06,-8.410918001258210279e+04,-1.196734712341175327e+04,-3.226259024927378960e+03,2.948794722953180099e+02,-1.466911643461138794e+02,1.870268259875832939e+01,-1.057659900101443951e+00,8.326500231558311782e+01,1.735414841921598850e+02,4.961038499805030733e+04,-6.951956711880975490e+02,-6.746448625678710869e+02,-7.051528786742558168e+02,-7.582759349225239021e+02,-8.020245795146879573e+02,-8.522846254570551991e+02,-9.177936204064095591e+02,1.723672059754057500e+03,-2.807711829207300525e+03,1.912223519315865822e+06,-3.125058455698101170e+03,1.325868320116789619e+03,-1.408215130629989062e+03,-4.067938951356802590e+02,-5.934849410897553526e+02,-2.729479407233494612e+02,-1.814362877397416014e+02
1.237085547053780901e+05,-4.837914402242451615e+03,1.538438533067914250e+03,5.663545155360858189e+03,8.516543360110808862e+03,-2.427359728869980609e+04,-2.750724324443575824e+03,3.513775829449805315e+02,4.476647645918233138e+03,-2.374255351787129985e+04,-1.574698428888953640e+04,-1.669344648371475341e+04,1.234343939783187670e+04,-1.387539902239601361e+03,3.575877098673549881e+01,3.400909489415163023e+00,-1.455024432717544336e-01,4.846878303322658954e-02,-2.608524696489152896e-03,-3.652282817798089673e+04,3.785571840686576707e+03,-1.838045248371916823e+05,-3.351718475756811094e+05,-1.279062173726148903e+05,-1.091943418559715385e+06,-5.767062575982342241e+04,-3.894204620874028478e+03,-1.747112268357932408e+03,2.393332060675525668e+02,-4.320406890977380243e+01,1.563927264031309772e+00,2.439232612860580574e+01,1.423774009393570594e+01,4.275714717611329263e+01,6.469708130255989090e+04,-7.433517877268589018e+02,-7.356816164992771974e+02,-7.782910616522929104e+02,-8.495441120196707061e+02,-9.121224966360068720e+02,-1.011320439723560867e+03,-2.787449145285793293e+02,1.673307137256517763e+03,-3.105523097948193026e+03,1.928152630148975411e+06,-3.216127025270667673e+03,9.653577799865533962e+02,-1.498228212542785968e+03,-5.860586138196173351e+02,-5.900629290912970646e+02,-2.787661797673137585e+02
1.371461752915777033e+05,-5.006422870142654574e+03,1.531560835716081783e+03,4.990620785493818403e+03,1.022215227092106943e+04,-2.821242702984327479e+04,-3.493237640355577241e+03,9.208647886051257956e+02,4.385453545326072344e+03,-2.018630372637335313e+04,-1.281624794035226660e+04,-1.723920517649059911e+04,-9.724133859718362146e+03,1.025408086288831691e+04,-1.284022802987798059e+03,3.996133699930601324e+01,2.192121311570939923e+00,-7.475193384209791181e-02,8.152648671125306556e-03,-3.235636960354521216e+04,2.705825620555442583e+03,-2.808318707996266894e+05,3.559868170631205430e+04,-3.708587520305516082e+05,-4.384335904206032865e+04,-9.498789048911217833e+05,-5.667167499805759871e+04,-6.093959014487656532e+03,-1.149090854557181046e+03,8.179666115361339962e+01,-3.619264692865610478e+00,3.029846407922187979e+01,6.040455017480370614e+00,-2.383888691695504036e+01,-1.260036988076242004e+01,7.246311602573588607e+04,-7.160006726610502028e+02,-7.200477092789501512e+02,-7.847157343039332318e+02,-8.629292451011519915e+02,-9.863609596997471272e+02,3.922700365826677853e+02,-1.054004634527879261e+03,1.360776160245618939e+03,-3.200754542892287645e+03,1.785513539948376361e+06,-2.942026329491331580e+03,5.912910692676781537e+02,-1.343483874891764799e+03,-6.877787810652538383e+02,-3.793074346293630015e+02
1.527992758484380029e+05,-6.175444248708481609e+03,1.849101668759443783e+03,5.591907452144496347e+03,1.314310165590763791e+04,-3.215098277661310931e+04,-4.320296541589506887e+03,1.371321511114132591e+03,4.156946039991293219e+03,-1.595082817466099004e+04,-1.251252457887147102e+04,-1.344427948263640064e+04,-1.274165024853039540e+04,-9.810975216910390373e+03,8.727898197126878586e+03,-8.527224208002389787e+02,1.399721374954545183e+01,7.444416994922050668e-01,-1.686346002503840216e-02,-2.809885392158123796e+04,1.756367295838341306e+03,-1.715580888898169214e+05,-8.787596142916475947e+04,-8.863997285417281091e+03,-2.663985042262120987e+05,-6.829699185288778972e+04,-7.742155443287919043e+05,-4.237017645113979233e+04,-2.328926837091757989e+03,-3.642867578505347979e+02,8.273664535637045958e+00,1.753605869172510978e+01,7.223725352892988560e+00,-4.365541739054724246e+01,-8.068456318546610362e+01,-8.439878767901768697e+01,8.195862461836160219e+04,-6.964224674324071884e+02,-7.151995819420362750e+02,-8.068634435364734827e+02,-9.388939378626946564e+02,1.558159142011234906e+02,-4.527278454940520191e+01,-1.359922622319905258e+03,9.941149305464730332e+02,-2.928641661309919527e+03,1.536822264805795392e+06,-2.712030446856046183e+03,1.125732223936574883e+01,-1.062199992093747142e+03,-4.685079840908263122e+02
1.634190166469761170e+05,-7.008713503296123235e+03,2.057045491294746171e+03,5.707996826603190129e+03,1.568504143310745712e+04,-3.578471367661644035e+04,-5.183250671316280204e+03,1.939098656672747893e+03,3.951221352143250897e+03,-1.319978459454431504e+04,-1.074080108446648228e+04,-1.317164656201529397e+04,-1.034804168976157598e+04,-1.143134423876535220e+04,-9.188801590204104286e+03,7.368331997315801345e+03,-4.789229054365869160e+02,3.084797373127485809e+00,1.086273009995484123e-01,-2.452927279758220538e+04,9.432747208711336953e+02,-1.541420886688571773e+05,-3.227636434865492993e+04,-9.389522502312804863e+04,2.300351584731697221e+04,-2.315716335548927600e+05,-5.182880715230468195e+04,-5.651136667317515239e+05,-2.650708565130201168e+04,-4.785721281288339810e+02,-3.315425450990598932e+01,1.564474053458347313e+01,5.891727063832120415e+00,-2.428027583263276057e+01,-8.199676132928281902e+01,-1.183390220517172082e+02,-1.399817205860362321e+02,8.983475476969876036e+04,-6.476885926056888820e+02,-7.071277298285956476e+02,-8.365826711469832162e+02,2.572248317243605129e+02,-2.859866491168312450e+02,-3.463908256182849073e+02,-1.457360500775674382e+03,6.167862986562407741e+02,-2.699919885648924719e+03,1.241985567149563227e+06,-2.358687063699790997e+03,-4.990474154563983120e+02,-6.051372042736305730e+02
1.746977520323634089e+05,-7.895982484437845415e+03,2.278853286991172354e+03,5.846223611656576395e+03,1.808233422165975207e+04,-3.952606155651979498e+04,-6.163127718034982536e+03,2.486063110584480455e+03,3.563014151415679407e+03,-1.086239247748912567e+04,-9.542612303898245955e+03,-1.140976738168171141e+04,-1.043426068438256698e+04,-9.838943892710854925e+03,-1.022829848757727814e+04,-9.156939241590198435e+03,5.515640313020217036e+03,-1.719263201326124317e+02,3.663017088332630178e-01,-2.029515462456239766e+04,2.021596071653179649e+02,-1.211141899419751571e+05,-4.256168371383770864e+04,-3.629305827872085501e+04,-5.222299652614841762e+04,1.230112631610730023e+04,-1.728487217076601519e+05,-2.725725477491994388e+04,-2.926373668494987069e+05,-1.167170553892877615e+04,-9.191110851810845972e+00,1.181662259051667441e+01,2.309247170445419606e+00,-2.670951312093590246e+01,-6.112197471487043288e+01,-1.107272060361534756e+02,-1.609691140951793216e+02,-1.971344262282996738e+02,9.856181690700830950e+04,-5.921520614964040305e+02,-6.938725124486668392e+02,2.359409303659078603e+02,-9.572461775899361669e+01,-5.211456238453429251e+02,-5.332546543255098186e+02,-1.306052397776307998e+03,3.530413117347367802e+01,-2.346750815972846794e+03,8.501998376495437697e+05,-1.882463531161482024e+03,-5.681888091342847247e+02
1.804291593326287693e+05,-9.079725266682267829e+03,2.568237048666969713e+03,5.886170407748439175e+03,2.153941720482980600e+04,-4.296807629656340578e+04,-7.308641780469403784e+03,3.289896605478352285e+03,2.972123060268835616e+03,-8.284571662652508167e+03,-7.309121542718910860e+03,-9.526290046658185020e+03,-9.461577911209518788e+03,-9.636052271279828346e+03,-9.351629511202492722e+03,-9.382045097150825313e+03,-9.953578549963251135e+03,3.153370949173382542e+03,-1.277946125693711465e+01,-1.527182514880176132e+04,-4.301700483170147322e+02,-8.557613130718731554e+04,-2.880532946478197482e+04,-5.620540225737230503e+04,-1.924468941877167163e+04,-2.656239438796711693e+04,3.303875138568895636e+03,-1.022800969181870751e+05,2.450890874023025390e+02,-9.463844738882078673e+04,-2.479845781788787008e+03,8.425710335988393140e+00,3.002513621595286342e-01,-1.423947611289693427e+01,-4.384872821739069337e+01,-8.078661071860514653e+01,-1.181072702476439389e+02,-1.635585928985042585e+02,-2.175707175593553302e+02,1.069800759872477356e+05,-4.968421664903704595e+02,2.373011236495938761e+02,-4.933033933009022576e+01,-1.871710509058345622e+02,-5.238213970237648027e+02,-6.369097313759319832e+02,-1.024715610585970126e+03,-4.736735951561093998e+02,-1.869025958587777495e+03,5.080226652301501599e+05,-1.045949564767661741e+03
1.664893378786913818e+05,-1.363559125873584708e+04,3.663393867612916438e+03,5.869639352443444295e+03,3.368430172942808713e+04,-4.379052518979799061e+04,-8.598617754477763810e+03,6.159180625843837333e+03,1.798338498505456073e+03,-4.735095956031118476e+03,-4.713491308140465662e+03,-6.149605561082757049e+03,-6.390154926041079307e+03,-7.135723408196144192e+03,-7.926089971898041767e+03,-8.427768349038680753e+03,-9.849061231285253598e+03,-1.186454862578513166e+04,-1.115299193400592685e+03,-6.825089593194130430e+03,-7.176111376436091405e+02,-5.005345433435477753e+04,-2.103311608058732236e+04,-2.576493391256537143e+04,-1.839854687934159301e+04,-1.617433695042646104e+04,-1.646032023684739761e+04,-4.008271118557226146e+03,-3.383934100120677613e+04,4.705795825753257668e+04,-5.962706157584473658e+03,3.867942426371854925e+00,-3.384096244740675274e-05,-1.021147927822958579e+01,-2.474043059150338664e+01,-4.307253471363048192e+01,-6.547035515535000627e+01,-9.091476480642866420e+01,-1.179766440220335255e+02,-1.513754868202157127e+02,1.156001411293387791e+05,2.522337187932607492e+02,6.773053343571226037e+01,-7.230304594029996679e+01,-1.891682957179418167e+02,-3.050820329585604327e+02,-4.076672506014378996e+02,-5.564070319914832226e+02,-5.313948845790048381e+02,-1.022593212786008053e+03,2.163401766689125798e+05
3.144164902317360677e-01,4.938898262270391415e-02,6.732000000000000206e-01,9.660499999999999643e-01,8.312813930620481795e-01,-1.000000000000000000e+00,0.000000000000000000e+00,5.500000000000000444e-01,0.000000000000000000e+00,1.100227249253534767e+00,1.220655561573370296e+00,1.272792206135785475e+00,1.317193987231949137e+00,1.358307770720612595e+00,1.399999999999999911e+00,1.443952907819365139e+00,1.494991638772605214e+00,1.565247584249852775e+00,1.743559577416269324e+00,5.000000000000000000e-01,0.000000000000000000e+00,0.000000000000000000e+00,0.000000000000000000e+00,0.000000000000000000e+00,0.000000000000000000e+00,0.000000000000000000e+00,0.000000000000000000e+00,0.000000000000000000e+00,0.000000000000000000e+00,0.000000000000000000e+00,0.000000000000000000e+00,0.000000000000000000e+00,0.000000000000000000e+00,0.000000000000000000e+00,0.000000000000000000e+00,0.000000000000000000e+00,0.000000000000000000e+00,0.000000000000000000e+00,0.000000000000000000e+00,0.000000000000000000e+00,0.000000000000000000e+00,0.000000000000000000e+00,0.000000000000000000e+00,0.000000000000000000e+00,0.000000000000000000e+00,0.000000000000000000e+00,0.000000000000000000e+00,0.000000000000000000e+00,0.000000000000000000e+00,0.000000000000000000e+00,0.000000000000000000e+00
